INFO:root:
Selector: High Level Ordering of Strategies
| Sequence: Spread Strategy
| | Check: if_neutral_planet_available
| | Action: spread_to_weakest_neutral_planet
| Sequence: Offensive Strategy
| | Check: have_largest_fleet
| | Action: attack_weakest_enemy_planet
| Action: attack_weakest_enemy_planet

DEBUG:root:Executing:Selector: High Level Ordering of Strategies
DEBUG:root:Executing:Sequence: Spread Strategy
DEBUG:root:Executing:Check: if_neutral_planet_available
DEBUG:root:Result: Check: if_neutral_planet_available -> Success
DEBUG:root:Executing:Action: spread_to_weakest_neutral_planet
DEBUG:root:Order:1 12 13
DEBUG:root:Result: Action: spread_to_weakest_neutral_planet -> Success
DEBUG:root:Result: Sequence: Spread Strategy -> Success
DEBUG:root:Result: Selector: High Level Ordering of Strategies -> Success
DEBUG:root:Finish turn

DEBUG:root:Executing:Selector: High Level Ordering of Strategies
DEBUG:root:Executing:Sequence: Spread Strategy
DEBUG:root:Executing:Check: if_neutral_planet_available
DEBUG:root:Result: Check: if_neutral_planet_available -> Success
DEBUG:root:Executing:Action: spread_to_weakest_neutral_planet
DEBUG:root:Order:1 11 13
DEBUG:root:Result: Action: spread_to_weakest_neutral_planet -> Success
DEBUG:root:Result: Sequence: Spread Strategy -> Success
DEBUG:root:Result: Selector: High Level Ordering of Strategies -> Success
DEBUG:root:Finish turn

DEBUG:root:Executing:Selector: High Level Ordering of Strategies
DEBUG:root:Executing:Sequence: Spread Strategy
DEBUG:root:Executing:Check: if_neutral_planet_available
DEBUG:root:Result: Check: if_neutral_planet_available -> Success
DEBUG:root:Executing:Action: spread_to_weakest_neutral_planet
DEBUG:root:Order:1 20 13
DEBUG:root:Result: Action: spread_to_weakest_neutral_planet -> Success
DEBUG:root:Result: Sequence: Spread Strategy -> Success
DEBUG:root:Result: Selector: High Level Ordering of Strategies -> Success
DEBUG:root:Finish turn

DEBUG:root:Executing:Selector: High Level Ordering of Strategies
DEBUG:root:Executing:Sequence: Spread Strategy
DEBUG:root:Executing:Check: if_neutral_planet_available
DEBUG:root:Result: Check: if_neutral_planet_available -> Success
DEBUG:root:Executing:Action: spread_to_weakest_neutral_planet
DEBUG:root:Order:1 19 13
DEBUG:root:Result: Action: spread_to_weakest_neutral_planet -> Success
DEBUG:root:Result: Sequence: Spread Strategy -> Success
DEBUG:root:Result: Selector: High Level Ordering of Strategies -> Success
DEBUG:root:Finish turn

DEBUG:root:Executing:Selector: High Level Ordering of Strategies
DEBUG:root:Executing:Sequence: Spread Strategy
DEBUG:root:Executing:Check: if_neutral_planet_available
DEBUG:root:Result: Check: if_neutral_planet_available -> Success
DEBUG:root:Executing:Action: spread_to_weakest_neutral_planet
DEBUG:root:Order:1 16 13
DEBUG:root:Result: Action: spread_to_weakest_neutral_planet -> Success
DEBUG:root:Result: Sequence: Spread Strategy -> Success
DEBUG:root:Result: Selector: High Level Ordering of Strategies -> Success
DEBUG:root:Finish turn

DEBUG:root:Executing:Selector: High Level Ordering of Strategies
DEBUG:root:Executing:Sequence: Spread Strategy
DEBUG:root:Executing:Check: if_neutral_planet_available
DEBUG:root:Result: Check: if_neutral_planet_available -> Success
DEBUG:root:Executing:Action: spread_to_weakest_neutral_planet
DEBUG:root:Order:1 8 13
DEBUG:root:Result: Action: spread_to_weakest_neutral_planet -> Success
DEBUG:root:Result: Sequence: Spread Strategy -> Success
DEBUG:root:Result: Selector: High Level Ordering of Strategies -> Success
DEBUG:root:Finish turn

DEBUG:root:Executing:Selector: High Level Ordering of Strategies
DEBUG:root:Executing:Sequence: Spread Strategy
DEBUG:root:Executing:Check: if_neutral_planet_available
DEBUG:root:Result: Check: if_neutral_planet_available -> Success
DEBUG:root:Executing:Action: spread_to_weakest_neutral_planet
DEBUG:root:Result: Action: spread_to_weakest_neutral_planet -> Failure
DEBUG:root:Result: Sequence: Spread Strategy -> Failure
DEBUG:root:Executing:Sequence: Offensive Strategy
DEBUG:root:Executing:Check: have_largest_fleet
DEBUG:root:Result: Check: have_largest_fleet -> Failure
DEBUG:root:Result: Sequence: Offensive Strategy -> Failure
DEBUG:root:Executing:Action: attack_weakest_enemy_planet
DEBUG:root:Order:1 2 26.0
DEBUG:root:Result: Action: attack_weakest_enemy_planet -> Success
DEBUG:root:Result: Selector: High Level Ordering of Strategies -> Success
DEBUG:root:Finish turn

DEBUG:root:Executing:Selector: High Level Ordering of Strategies
DEBUG:root:Executing:Sequence: Spread Strategy
DEBUG:root:Executing:Check: if_neutral_planet_available
DEBUG:root:Result: Check: if_neutral_planet_available -> Success
DEBUG:root:Executing:Action: spread_to_weakest_neutral_planet
DEBUG:root:Result: Action: spread_to_weakest_neutral_planet -> Failure
DEBUG:root:Result: Sequence: Spread Strategy -> Failure
DEBUG:root:Executing:Sequence: Offensive Strategy
DEBUG:root:Executing:Check: have_largest_fleet
DEBUG:root:Result: Check: have_largest_fleet -> Success
DEBUG:root:Executing:Action: attack_weakest_enemy_planet
DEBUG:root:Order:1 7 15.5
DEBUG:root:Result: Action: attack_weakest_enemy_planet -> Success
DEBUG:root:Result: Sequence: Offensive Strategy -> Success
DEBUG:root:Result: Selector: High Level Ordering of Strategies -> Success
DEBUG:root:Finish turn

DEBUG:root:Executing:Selector: High Level Ordering of Strategies
DEBUG:root:Executing:Sequence: Spread Strategy
DEBUG:root:Executing:Check: if_neutral_planet_available
DEBUG:root:Result: Check: if_neutral_planet_available -> Success
DEBUG:root:Executing:Action: spread_to_weakest_neutral_planet
DEBUG:root:Result: Action: spread_to_weakest_neutral_planet -> Failure
DEBUG:root:Result: Sequence: Spread Strategy -> Failure
DEBUG:root:Executing:Sequence: Offensive Strategy
DEBUG:root:Executing:Check: have_largest_fleet
DEBUG:root:Result: Check: have_largest_fleet -> Success
DEBUG:root:Executing:Action: attack_weakest_enemy_planet
DEBUG:root:Result: Action: attack_weakest_enemy_planet -> Failure
DEBUG:root:Result: Sequence: Offensive Strategy -> Failure
DEBUG:root:Executing:Action: attack_weakest_enemy_planet
DEBUG:root:Result: Action: attack_weakest_enemy_planet -> Failure
DEBUG:root:Result: Selector: High Level Ordering of Strategies -> Failure
DEBUG:root:Finish turn

DEBUG:root:Executing:Selector: High Level Ordering of Strategies
DEBUG:root:Executing:Sequence: Spread Strategy
DEBUG:root:Executing:Check: if_neutral_planet_available
DEBUG:root:Result: Check: if_neutral_planet_available -> Success
DEBUG:root:Executing:Action: spread_to_weakest_neutral_planet
DEBUG:root:Result: Action: spread_to_weakest_neutral_planet -> Failure
DEBUG:root:Result: Sequence: Spread Strategy -> Failure
DEBUG:root:Executing:Sequence: Offensive Strategy
DEBUG:root:Executing:Check: have_largest_fleet
DEBUG:root:Result: Check: have_largest_fleet -> Failure
DEBUG:root:Result: Sequence: Offensive Strategy -> Failure
DEBUG:root:Executing:Action: attack_weakest_enemy_planet
DEBUG:root:Result: Action: attack_weakest_enemy_planet -> Failure
DEBUG:root:Result: Selector: High Level Ordering of Strategies -> Failure
DEBUG:root:Finish turn

DEBUG:root:Executing:Selector: High Level Ordering of Strategies
DEBUG:root:Executing:Sequence: Spread Strategy
DEBUG:root:Executing:Check: if_neutral_planet_available
DEBUG:root:Result: Check: if_neutral_planet_available -> Success
DEBUG:root:Executing:Action: spread_to_weakest_neutral_planet
DEBUG:root:Result: Action: spread_to_weakest_neutral_planet -> Failure
DEBUG:root:Result: Sequence: Spread Strategy -> Failure
DEBUG:root:Executing:Sequence: Offensive Strategy
DEBUG:root:Executing:Check: have_largest_fleet
DEBUG:root:Result: Check: have_largest_fleet -> Failure
DEBUG:root:Result: Sequence: Offensive Strategy -> Failure
DEBUG:root:Executing:Action: attack_weakest_enemy_planet
DEBUG:root:Result: Action: attack_weakest_enemy_planet -> Failure
DEBUG:root:Result: Selector: High Level Ordering of Strategies -> Failure
DEBUG:root:Finish turn

DEBUG:root:Executing:Selector: High Level Ordering of Strategies
DEBUG:root:Executing:Sequence: Spread Strategy
DEBUG:root:Executing:Check: if_neutral_planet_available
DEBUG:root:Result: Check: if_neutral_planet_available -> Success
DEBUG:root:Executing:Action: spread_to_weakest_neutral_planet
DEBUG:root:Order:1 16 13
DEBUG:root:Result: Action: spread_to_weakest_neutral_planet -> Success
DEBUG:root:Result: Sequence: Spread Strategy -> Success
DEBUG:root:Result: Selector: High Level Ordering of Strategies -> Success
DEBUG:root:Finish turn

DEBUG:root:Executing:Selector: High Level Ordering of Strategies
DEBUG:root:Executing:Sequence: Spread Strategy
DEBUG:root:Executing:Check: if_neutral_planet_available
DEBUG:root:Result: Check: if_neutral_planet_available -> Success
DEBUG:root:Executing:Action: spread_to_weakest_neutral_planet
DEBUG:root:Order:1 8 13
DEBUG:root:Result: Action: spread_to_weakest_neutral_planet -> Success
DEBUG:root:Result: Sequence: Spread Strategy -> Success
DEBUG:root:Result: Selector: High Level Ordering of Strategies -> Success
DEBUG:root:Finish turn

DEBUG:root:Executing:Selector: High Level Ordering of Strategies
DEBUG:root:Executing:Sequence: Spread Strategy
DEBUG:root:Executing:Check: if_neutral_planet_available
DEBUG:root:Result: Check: if_neutral_planet_available -> Success
DEBUG:root:Executing:Action: spread_to_weakest_neutral_planet
DEBUG:root:Result: Action: spread_to_weakest_neutral_planet -> Failure
DEBUG:root:Result: Sequence: Spread Strategy -> Failure
DEBUG:root:Executing:Sequence: Offensive Strategy
DEBUG:root:Executing:Check: have_largest_fleet
DEBUG:root:Result: Check: have_largest_fleet -> Success
DEBUG:root:Executing:Action: attack_weakest_enemy_planet
DEBUG:root:Order:1 15 10.0
DEBUG:root:Result: Action: attack_weakest_enemy_planet -> Success
DEBUG:root:Result: Sequence: Offensive Strategy -> Success
DEBUG:root:Result: Selector: High Level Ordering of Strategies -> Success
DEBUG:root:Finish turn

DEBUG:root:Executing:Selector: High Level Ordering of Strategies
DEBUG:root:Executing:Sequence: Spread Strategy
DEBUG:root:Executing:Check: if_neutral_planet_available
DEBUG:root:Result: Check: if_neutral_planet_available -> Success
DEBUG:root:Executing:Action: spread_to_weakest_neutral_planet
DEBUG:root:Result: Action: spread_to_weakest_neutral_planet -> Failure
DEBUG:root:Result: Sequence: Spread Strategy -> Failure
DEBUG:root:Executing:Sequence: Offensive Strategy
DEBUG:root:Executing:Check: have_largest_fleet
DEBUG:root:Result: Check: have_largest_fleet -> Success
DEBUG:root:Executing:Action: attack_weakest_enemy_planet
DEBUG:root:Result: Action: attack_weakest_enemy_planet -> Failure
DEBUG:root:Result: Sequence: Offensive Strategy -> Failure
DEBUG:root:Executing:Action: attack_weakest_enemy_planet
DEBUG:root:Result: Action: attack_weakest_enemy_planet -> Failure
DEBUG:root:Result: Selector: High Level Ordering of Strategies -> Failure
DEBUG:root:Finish turn

DEBUG:root:Executing:Selector: High Level Ordering of Strategies
DEBUG:root:Executing:Sequence: Spread Strategy
DEBUG:root:Executing:Check: if_neutral_planet_available
DEBUG:root:Result: Check: if_neutral_planet_available -> Success
DEBUG:root:Executing:Action: spread_to_weakest_neutral_planet
DEBUG:root:Result: Action: spread_to_weakest_neutral_planet -> Failure
DEBUG:root:Result: Sequence: Spread Strategy -> Failure
DEBUG:root:Executing:Sequence: Offensive Strategy
DEBUG:root:Executing:Check: have_largest_fleet
DEBUG:root:Result: Check: have_largest_fleet -> Success
DEBUG:root:Executing:Action: attack_weakest_enemy_planet
DEBUG:root:Result: Action: attack_weakest_enemy_planet -> Failure
DEBUG:root:Result: Sequence: Offensive Strategy -> Failure
DEBUG:root:Executing:Action: attack_weakest_enemy_planet
DEBUG:root:Result: Action: attack_weakest_enemy_planet -> Failure
DEBUG:root:Result: Selector: High Level Ordering of Strategies -> Failure
DEBUG:root:Finish turn

DEBUG:root:Executing:Selector: High Level Ordering of Strategies
DEBUG:root:Executing:Sequence: Spread Strategy
DEBUG:root:Executing:Check: if_neutral_planet_available
DEBUG:root:Result: Check: if_neutral_planet_available -> Success
DEBUG:root:Executing:Action: spread_to_weakest_neutral_planet
DEBUG:root:Order:20 16 13
DEBUG:root:Result: Action: spread_to_weakest_neutral_planet -> Success
DEBUG:root:Result: Sequence: Spread Strategy -> Success
DEBUG:root:Result: Selector: High Level Ordering of Strategies -> Success
DEBUG:root:Finish turn

DEBUG:root:Executing:Selector: High Level Ordering of Strategies
DEBUG:root:Executing:Sequence: Spread Strategy
DEBUG:root:Executing:Check: if_neutral_planet_available
DEBUG:root:Result: Check: if_neutral_planet_available -> Success
DEBUG:root:Executing:Action: spread_to_weakest_neutral_planet
DEBUG:root:Result: Action: spread_to_weakest_neutral_planet -> Failure
DEBUG:root:Result: Sequence: Spread Strategy -> Failure
DEBUG:root:Executing:Sequence: Offensive Strategy
DEBUG:root:Executing:Check: have_largest_fleet
DEBUG:root:Result: Check: have_largest_fleet -> Failure
DEBUG:root:Result: Sequence: Offensive Strategy -> Failure
DEBUG:root:Executing:Action: attack_weakest_enemy_planet
DEBUG:root:Result: Action: attack_weakest_enemy_planet -> Failure
DEBUG:root:Result: Selector: High Level Ordering of Strategies -> Failure
DEBUG:root:Finish turn

DEBUG:root:Executing:Selector: High Level Ordering of Strategies
DEBUG:root:Executing:Sequence: Spread Strategy
DEBUG:root:Executing:Check: if_neutral_planet_available
DEBUG:root:Result: Check: if_neutral_planet_available -> Success
DEBUG:root:Executing:Action: spread_to_weakest_neutral_planet
DEBUG:root:Result: Action: spread_to_weakest_neutral_planet -> Failure
DEBUG:root:Result: Sequence: Spread Strategy -> Failure
DEBUG:root:Executing:Sequence: Offensive Strategy
DEBUG:root:Executing:Check: have_largest_fleet
DEBUG:root:Result: Check: have_largest_fleet -> Failure
DEBUG:root:Result: Sequence: Offensive Strategy -> Failure
DEBUG:root:Executing:Action: attack_weakest_enemy_planet
DEBUG:root:Result: Action: attack_weakest_enemy_planet -> Failure
DEBUG:root:Result: Selector: High Level Ordering of Strategies -> Failure
DEBUG:root:Finish turn

DEBUG:root:Executing:Selector: High Level Ordering of Strategies
DEBUG:root:Executing:Sequence: Spread Strategy
DEBUG:root:Executing:Check: if_neutral_planet_available
DEBUG:root:Result: Check: if_neutral_planet_available -> Success
DEBUG:root:Executing:Action: spread_to_weakest_neutral_planet
DEBUG:root:Result: Action: spread_to_weakest_neutral_planet -> Failure
DEBUG:root:Result: Sequence: Spread Strategy -> Failure
DEBUG:root:Executing:Sequence: Offensive Strategy
DEBUG:root:Executing:Check: have_largest_fleet
DEBUG:root:Result: Check: have_largest_fleet -> Failure
DEBUG:root:Result: Sequence: Offensive Strategy -> Failure
DEBUG:root:Executing:Action: attack_weakest_enemy_planet
DEBUG:root:Result: Action: attack_weakest_enemy_planet -> Failure
DEBUG:root:Result: Selector: High Level Ordering of Strategies -> Failure
DEBUG:root:Finish turn

DEBUG:root:Executing:Selector: High Level Ordering of Strategies
DEBUG:root:Executing:Sequence: Spread Strategy
DEBUG:root:Executing:Check: if_neutral_planet_available
DEBUG:root:Result: Check: if_neutral_planet_available -> Success
DEBUG:root:Executing:Action: spread_to_weakest_neutral_planet
DEBUG:root:Result: Action: spread_to_weakest_neutral_planet -> Failure
DEBUG:root:Result: Sequence: Spread Strategy -> Failure
DEBUG:root:Executing:Sequence: Offensive Strategy
DEBUG:root:Executing:Check: have_largest_fleet
DEBUG:root:Result: Check: have_largest_fleet -> Failure
DEBUG:root:Result: Sequence: Offensive Strategy -> Failure
DEBUG:root:Executing:Action: attack_weakest_enemy_planet
DEBUG:root:Result: Action: attack_weakest_enemy_planet -> Failure
DEBUG:root:Result: Selector: High Level Ordering of Strategies -> Failure
DEBUG:root:Finish turn

DEBUG:root:Executing:Selector: High Level Ordering of Strategies
DEBUG:root:Executing:Sequence: Spread Strategy
DEBUG:root:Executing:Check: if_neutral_planet_available
DEBUG:root:Result: Check: if_neutral_planet_available -> Success
DEBUG:root:Executing:Action: spread_to_weakest_neutral_planet
DEBUG:root:Result: Action: spread_to_weakest_neutral_planet -> Failure
DEBUG:root:Result: Sequence: Spread Strategy -> Failure
DEBUG:root:Executing:Sequence: Offensive Strategy
DEBUG:root:Executing:Check: have_largest_fleet
DEBUG:root:Result: Check: have_largest_fleet -> Failure
DEBUG:root:Result: Sequence: Offensive Strategy -> Failure
DEBUG:root:Executing:Action: attack_weakest_enemy_planet
DEBUG:root:Result: Action: attack_weakest_enemy_planet -> Failure
DEBUG:root:Result: Selector: High Level Ordering of Strategies -> Failure
DEBUG:root:Finish turn

DEBUG:root:Executing:Selector: High Level Ordering of Strategies
DEBUG:root:Executing:Sequence: Spread Strategy
DEBUG:root:Executing:Check: if_neutral_planet_available
DEBUG:root:Result: Check: if_neutral_planet_available -> Success
DEBUG:root:Executing:Action: spread_to_weakest_neutral_planet
DEBUG:root:Result: Action: spread_to_weakest_neutral_planet -> Failure
DEBUG:root:Result: Sequence: Spread Strategy -> Failure
DEBUG:root:Executing:Sequence: Offensive Strategy
DEBUG:root:Executing:Check: have_largest_fleet
DEBUG:root:Result: Check: have_largest_fleet -> Failure
DEBUG:root:Result: Sequence: Offensive Strategy -> Failure
DEBUG:root:Executing:Action: attack_weakest_enemy_planet
DEBUG:root:Order:1 11 27.5
DEBUG:root:Result: Action: attack_weakest_enemy_planet -> Success
DEBUG:root:Result: Selector: High Level Ordering of Strategies -> Success
DEBUG:root:Finish turn

DEBUG:root:Executing:Selector: High Level Ordering of Strategies
DEBUG:root:Executing:Sequence: Spread Strategy
DEBUG:root:Executing:Check: if_neutral_planet_available
DEBUG:root:Result: Check: if_neutral_planet_available -> Success
DEBUG:root:Executing:Action: spread_to_weakest_neutral_planet
DEBUG:root:Result: Action: spread_to_weakest_neutral_planet -> Failure
DEBUG:root:Result: Sequence: Spread Strategy -> Failure
DEBUG:root:Executing:Sequence: Offensive Strategy
DEBUG:root:Executing:Check: have_largest_fleet
DEBUG:root:Result: Check: have_largest_fleet -> Failure
DEBUG:root:Result: Sequence: Offensive Strategy -> Failure
DEBUG:root:Executing:Action: attack_weakest_enemy_planet
DEBUG:root:Result: Action: attack_weakest_enemy_planet -> Failure
DEBUG:root:Result: Selector: High Level Ordering of Strategies -> Failure
DEBUG:root:Finish turn

DEBUG:root:Executing:Selector: High Level Ordering of Strategies
DEBUG:root:Executing:Sequence: Spread Strategy
DEBUG:root:Executing:Check: if_neutral_planet_available
DEBUG:root:Result: Check: if_neutral_planet_available -> Success
DEBUG:root:Executing:Action: spread_to_weakest_neutral_planet
DEBUG:root:Result: Action: spread_to_weakest_neutral_planet -> Failure
DEBUG:root:Result: Sequence: Spread Strategy -> Failure
DEBUG:root:Executing:Sequence: Offensive Strategy
DEBUG:root:Executing:Check: have_largest_fleet
DEBUG:root:Result: Check: have_largest_fleet -> Failure
DEBUG:root:Result: Sequence: Offensive Strategy -> Failure
DEBUG:root:Executing:Action: attack_weakest_enemy_planet
DEBUG:root:Order:20 19 19.5
DEBUG:root:Result: Action: attack_weakest_enemy_planet -> Success
DEBUG:root:Result: Selector: High Level Ordering of Strategies -> Success
DEBUG:root:Finish turn

DEBUG:root:Executing:Selector: High Level Ordering of Strategies
DEBUG:root:Executing:Sequence: Spread Strategy
DEBUG:root:Executing:Check: if_neutral_planet_available
DEBUG:root:Result: Check: if_neutral_planet_available -> Success
DEBUG:root:Executing:Action: spread_to_weakest_neutral_planet
DEBUG:root:Result: Action: spread_to_weakest_neutral_planet -> Failure
DEBUG:root:Result: Sequence: Spread Strategy -> Failure
DEBUG:root:Executing:Sequence: Offensive Strategy
DEBUG:root:Executing:Check: have_largest_fleet
DEBUG:root:Result: Check: have_largest_fleet -> Failure
DEBUG:root:Result: Sequence: Offensive Strategy -> Failure
DEBUG:root:Executing:Action: attack_weakest_enemy_planet
DEBUG:root:Result: Action: attack_weakest_enemy_planet -> Failure
DEBUG:root:Result: Selector: High Level Ordering of Strategies -> Failure
DEBUG:root:Finish turn

DEBUG:root:Executing:Selector: High Level Ordering of Strategies
DEBUG:root:Executing:Sequence: Spread Strategy
DEBUG:root:Executing:Check: if_neutral_planet_available
DEBUG:root:Result: Check: if_neutral_planet_available -> Success
DEBUG:root:Executing:Action: spread_to_weakest_neutral_planet
DEBUG:root:Result: Action: spread_to_weakest_neutral_planet -> Failure
DEBUG:root:Result: Sequence: Spread Strategy -> Failure
DEBUG:root:Executing:Sequence: Offensive Strategy
DEBUG:root:Executing:Check: have_largest_fleet
DEBUG:root:Result: Check: have_largest_fleet -> Failure
DEBUG:root:Result: Sequence: Offensive Strategy -> Failure
DEBUG:root:Executing:Action: attack_weakest_enemy_planet
DEBUG:root:Order:1 16 24.0
DEBUG:root:Result: Action: attack_weakest_enemy_planet -> Success
DEBUG:root:Result: Selector: High Level Ordering of Strategies -> Success
DEBUG:root:Finish turn

DEBUG:root:Executing:Selector: High Level Ordering of Strategies
DEBUG:root:Executing:Sequence: Spread Strategy
DEBUG:root:Executing:Check: if_neutral_planet_available
DEBUG:root:Result: Check: if_neutral_planet_available -> Success
DEBUG:root:Executing:Action: spread_to_weakest_neutral_planet
DEBUG:root:Result: Action: spread_to_weakest_neutral_planet -> Failure
DEBUG:root:Result: Sequence: Spread Strategy -> Failure
DEBUG:root:Executing:Sequence: Offensive Strategy
DEBUG:root:Executing:Check: have_largest_fleet
DEBUG:root:Result: Check: have_largest_fleet -> Failure
DEBUG:root:Result: Sequence: Offensive Strategy -> Failure
DEBUG:root:Executing:Action: attack_weakest_enemy_planet
DEBUG:root:Order:20 8 16.0
DEBUG:root:Result: Action: attack_weakest_enemy_planet -> Success
DEBUG:root:Result: Selector: High Level Ordering of Strategies -> Success
DEBUG:root:Finish turn

DEBUG:root:Executing:Selector: High Level Ordering of Strategies
DEBUG:root:Executing:Sequence: Spread Strategy
DEBUG:root:Executing:Check: if_neutral_planet_available
DEBUG:root:Result: Check: if_neutral_planet_available -> Success
DEBUG:root:Executing:Action: spread_to_weakest_neutral_planet
DEBUG:root:Result: Action: spread_to_weakest_neutral_planet -> Failure
DEBUG:root:Result: Sequence: Spread Strategy -> Failure
DEBUG:root:Executing:Sequence: Offensive Strategy
DEBUG:root:Executing:Check: have_largest_fleet
DEBUG:root:Result: Check: have_largest_fleet -> Failure
DEBUG:root:Result: Sequence: Offensive Strategy -> Failure
DEBUG:root:Executing:Action: attack_weakest_enemy_planet
DEBUG:root:Order:1 12 17.0
DEBUG:root:Result: Action: attack_weakest_enemy_planet -> Success
DEBUG:root:Result: Selector: High Level Ordering of Strategies -> Success
DEBUG:root:Finish turn

DEBUG:root:Executing:Selector: High Level Ordering of Strategies
DEBUG:root:Executing:Sequence: Spread Strategy
DEBUG:root:Executing:Check: if_neutral_planet_available
DEBUG:root:Result: Check: if_neutral_planet_available -> Success
DEBUG:root:Executing:Action: spread_to_weakest_neutral_planet
DEBUG:root:Result: Action: spread_to_weakest_neutral_planet -> Failure
DEBUG:root:Result: Sequence: Spread Strategy -> Failure
DEBUG:root:Executing:Sequence: Offensive Strategy
DEBUG:root:Executing:Check: have_largest_fleet
DEBUG:root:Result: Check: have_largest_fleet -> Failure
DEBUG:root:Result: Sequence: Offensive Strategy -> Failure
DEBUG:root:Executing:Action: attack_weakest_enemy_planet
DEBUG:root:Order:20 7 12.0
DEBUG:root:Result: Action: attack_weakest_enemy_planet -> Success
DEBUG:root:Result: Selector: High Level Ordering of Strategies -> Success
DEBUG:root:Finish turn

DEBUG:root:Executing:Selector: High Level Ordering of Strategies
DEBUG:root:Executing:Sequence: Spread Strategy
DEBUG:root:Executing:Check: if_neutral_planet_available
DEBUG:root:Result: Check: if_neutral_planet_available -> Success
DEBUG:root:Executing:Action: spread_to_weakest_neutral_planet
DEBUG:root:Result: Action: spread_to_weakest_neutral_planet -> Failure
DEBUG:root:Result: Sequence: Spread Strategy -> Failure
DEBUG:root:Executing:Sequence: Offensive Strategy
DEBUG:root:Executing:Check: have_largest_fleet
DEBUG:root:Result: Check: have_largest_fleet -> Failure
DEBUG:root:Result: Sequence: Offensive Strategy -> Failure
DEBUG:root:Executing:Action: attack_weakest_enemy_planet
DEBUG:root:Order:1 2 13.5
DEBUG:root:Result: Action: attack_weakest_enemy_planet -> Success
DEBUG:root:Result: Selector: High Level Ordering of Strategies -> Success
DEBUG:root:Finish turn

DEBUG:root:Executing:Selector: High Level Ordering of Strategies
DEBUG:root:Executing:Sequence: Spread Strategy
DEBUG:root:Executing:Check: if_neutral_planet_available
DEBUG:root:Result: Check: if_neutral_planet_available -> Success
DEBUG:root:Executing:Action: spread_to_weakest_neutral_planet
DEBUG:root:Result: Action: spread_to_weakest_neutral_planet -> Failure
DEBUG:root:Result: Sequence: Spread Strategy -> Failure
DEBUG:root:Executing:Sequence: Offensive Strategy
DEBUG:root:Executing:Check: have_largest_fleet
DEBUG:root:Result: Check: have_largest_fleet -> Failure
DEBUG:root:Result: Sequence: Offensive Strategy -> Failure
DEBUG:root:Executing:Action: attack_weakest_enemy_planet
DEBUG:root:Result: Action: attack_weakest_enemy_planet -> Failure
DEBUG:root:Result: Selector: High Level Ordering of Strategies -> Failure
DEBUG:root:Finish turn

DEBUG:root:Executing:Selector: High Level Ordering of Strategies
DEBUG:root:Executing:Sequence: Spread Strategy
DEBUG:root:Executing:Check: if_neutral_planet_available
DEBUG:root:Result: Check: if_neutral_planet_available -> Success
DEBUG:root:Executing:Action: spread_to_weakest_neutral_planet
DEBUG:root:Result: Action: spread_to_weakest_neutral_planet -> Failure
DEBUG:root:Result: Sequence: Spread Strategy -> Failure
DEBUG:root:Executing:Sequence: Offensive Strategy
DEBUG:root:Executing:Check: have_largest_fleet
DEBUG:root:Result: Check: have_largest_fleet -> Failure
DEBUG:root:Result: Sequence: Offensive Strategy -> Failure
DEBUG:root:Executing:Action: attack_weakest_enemy_planet
DEBUG:root:Result: Action: attack_weakest_enemy_planet -> Failure
DEBUG:root:Result: Selector: High Level Ordering of Strategies -> Failure
DEBUG:root:Finish turn

DEBUG:root:Executing:Selector: High Level Ordering of Strategies
DEBUG:root:Executing:Sequence: Spread Strategy
DEBUG:root:Executing:Check: if_neutral_planet_available
DEBUG:root:Result: Check: if_neutral_planet_available -> Success
DEBUG:root:Executing:Action: spread_to_weakest_neutral_planet
DEBUG:root:Result: Action: spread_to_weakest_neutral_planet -> Failure
DEBUG:root:Result: Sequence: Spread Strategy -> Failure
DEBUG:root:Executing:Sequence: Offensive Strategy
DEBUG:root:Executing:Check: have_largest_fleet
DEBUG:root:Result: Check: have_largest_fleet -> Failure
DEBUG:root:Result: Sequence: Offensive Strategy -> Failure
DEBUG:root:Executing:Action: attack_weakest_enemy_planet
DEBUG:root:Result: Action: attack_weakest_enemy_planet -> Failure
DEBUG:root:Result: Selector: High Level Ordering of Strategies -> Failure
DEBUG:root:Finish turn

DEBUG:root:Executing:Selector: High Level Ordering of Strategies
DEBUG:root:Executing:Sequence: Spread Strategy
DEBUG:root:Executing:Check: if_neutral_planet_available
DEBUG:root:Result: Check: if_neutral_planet_available -> Success
DEBUG:root:Executing:Action: spread_to_weakest_neutral_planet
DEBUG:root:Result: Action: spread_to_weakest_neutral_planet -> Failure
DEBUG:root:Result: Sequence: Spread Strategy -> Failure
DEBUG:root:Executing:Sequence: Offensive Strategy
DEBUG:root:Executing:Check: have_largest_fleet
DEBUG:root:Result: Check: have_largest_fleet -> Failure
DEBUG:root:Result: Sequence: Offensive Strategy -> Failure
DEBUG:root:Executing:Action: attack_weakest_enemy_planet
DEBUG:root:Result: Action: attack_weakest_enemy_planet -> Failure
DEBUG:root:Result: Selector: High Level Ordering of Strategies -> Failure
DEBUG:root:Finish turn

DEBUG:root:Executing:Selector: High Level Ordering of Strategies
DEBUG:root:Executing:Sequence: Spread Strategy
DEBUG:root:Executing:Check: if_neutral_planet_available
DEBUG:root:Result: Check: if_neutral_planet_available -> Success
DEBUG:root:Executing:Action: spread_to_weakest_neutral_planet
DEBUG:root:Result: Action: spread_to_weakest_neutral_planet -> Failure
DEBUG:root:Result: Sequence: Spread Strategy -> Failure
DEBUG:root:Executing:Sequence: Offensive Strategy
DEBUG:root:Executing:Check: have_largest_fleet
DEBUG:root:Result: Check: have_largest_fleet -> Failure
DEBUG:root:Result: Sequence: Offensive Strategy -> Failure
DEBUG:root:Executing:Action: attack_weakest_enemy_planet
DEBUG:root:Result: Action: attack_weakest_enemy_planet -> Failure
DEBUG:root:Result: Selector: High Level Ordering of Strategies -> Failure
DEBUG:root:Finish turn

DEBUG:root:Executing:Selector: High Level Ordering of Strategies
DEBUG:root:Executing:Sequence: Spread Strategy
DEBUG:root:Executing:Check: if_neutral_planet_available
DEBUG:root:Result: Check: if_neutral_planet_available -> Success
DEBUG:root:Executing:Action: spread_to_weakest_neutral_planet
DEBUG:root:Result: Action: spread_to_weakest_neutral_planet -> Failure
DEBUG:root:Result: Sequence: Spread Strategy -> Failure
DEBUG:root:Executing:Sequence: Offensive Strategy
DEBUG:root:Executing:Check: have_largest_fleet
DEBUG:root:Result: Check: have_largest_fleet -> Failure
DEBUG:root:Result: Sequence: Offensive Strategy -> Failure
DEBUG:root:Executing:Action: attack_weakest_enemy_planet
DEBUG:root:Result: Action: attack_weakest_enemy_planet -> Failure
DEBUG:root:Result: Selector: High Level Ordering of Strategies -> Failure
DEBUG:root:Finish turn

DEBUG:root:Executing:Selector: High Level Ordering of Strategies
DEBUG:root:Executing:Sequence: Spread Strategy
DEBUG:root:Executing:Check: if_neutral_planet_available
DEBUG:root:Result: Check: if_neutral_planet_available -> Success
DEBUG:root:Executing:Action: spread_to_weakest_neutral_planet
DEBUG:root:Result: Action: spread_to_weakest_neutral_planet -> Failure
DEBUG:root:Result: Sequence: Spread Strategy -> Failure
DEBUG:root:Executing:Sequence: Offensive Strategy
DEBUG:root:Executing:Check: have_largest_fleet
DEBUG:root:Result: Check: have_largest_fleet -> Success
DEBUG:root:Executing:Action: attack_weakest_enemy_planet
DEBUG:root:Order:1 15 24.5
DEBUG:root:Result: Action: attack_weakest_enemy_planet -> Success
DEBUG:root:Result: Sequence: Offensive Strategy -> Success
DEBUG:root:Result: Selector: High Level Ordering of Strategies -> Success
DEBUG:root:Finish turn

DEBUG:root:Executing:Selector: High Level Ordering of Strategies
DEBUG:root:Executing:Sequence: Spread Strategy
DEBUG:root:Executing:Check: if_neutral_planet_available
DEBUG:root:Result: Check: if_neutral_planet_available -> Success
DEBUG:root:Executing:Action: spread_to_weakest_neutral_planet
DEBUG:root:Result: Action: spread_to_weakest_neutral_planet -> Failure
DEBUG:root:Result: Sequence: Spread Strategy -> Failure
DEBUG:root:Executing:Sequence: Offensive Strategy
DEBUG:root:Executing:Check: have_largest_fleet
DEBUG:root:Result: Check: have_largest_fleet -> Success
DEBUG:root:Executing:Action: attack_weakest_enemy_planet
DEBUG:root:Order:20 17 24.0
DEBUG:root:Result: Action: attack_weakest_enemy_planet -> Success
DEBUG:root:Result: Sequence: Offensive Strategy -> Success
DEBUG:root:Result: Selector: High Level Ordering of Strategies -> Success
DEBUG:root:Finish turn

DEBUG:root:Executing:Selector: High Level Ordering of Strategies
DEBUG:root:Executing:Sequence: Spread Strategy
DEBUG:root:Executing:Check: if_neutral_planet_available
DEBUG:root:Result: Check: if_neutral_planet_available -> Success
DEBUG:root:Executing:Action: spread_to_weakest_neutral_planet
DEBUG:root:Result: Action: spread_to_weakest_neutral_planet -> Failure
DEBUG:root:Result: Sequence: Spread Strategy -> Failure
DEBUG:root:Executing:Sequence: Offensive Strategy
DEBUG:root:Executing:Check: have_largest_fleet
DEBUG:root:Result: Check: have_largest_fleet -> Success
DEBUG:root:Executing:Action: attack_weakest_enemy_planet
DEBUG:root:Result: Action: attack_weakest_enemy_planet -> Failure
DEBUG:root:Result: Sequence: Offensive Strategy -> Failure
DEBUG:root:Executing:Action: attack_weakest_enemy_planet
DEBUG:root:Result: Action: attack_weakest_enemy_planet -> Failure
DEBUG:root:Result: Selector: High Level Ordering of Strategies -> Failure
DEBUG:root:Finish turn

DEBUG:root:Executing:Selector: High Level Ordering of Strategies
DEBUG:root:Executing:Sequence: Spread Strategy
DEBUG:root:Executing:Check: if_neutral_planet_available
DEBUG:root:Result: Check: if_neutral_planet_available -> Success
DEBUG:root:Executing:Action: spread_to_weakest_neutral_planet
DEBUG:root:Result: Action: spread_to_weakest_neutral_planet -> Failure
DEBUG:root:Result: Sequence: Spread Strategy -> Failure
DEBUG:root:Executing:Sequence: Offensive Strategy
DEBUG:root:Executing:Check: have_largest_fleet
DEBUG:root:Result: Check: have_largest_fleet -> Failure
DEBUG:root:Result: Sequence: Offensive Strategy -> Failure
DEBUG:root:Executing:Action: attack_weakest_enemy_planet
DEBUG:root:Result: Action: attack_weakest_enemy_planet -> Failure
DEBUG:root:Result: Selector: High Level Ordering of Strategies -> Failure
DEBUG:root:Finish turn

DEBUG:root:Executing:Selector: High Level Ordering of Strategies
DEBUG:root:Executing:Sequence: Spread Strategy
DEBUG:root:Executing:Check: if_neutral_planet_available
DEBUG:root:Result: Check: if_neutral_planet_available -> Success
DEBUG:root:Executing:Action: spread_to_weakest_neutral_planet
DEBUG:root:Result: Action: spread_to_weakest_neutral_planet -> Failure
DEBUG:root:Result: Sequence: Spread Strategy -> Failure
DEBUG:root:Executing:Sequence: Offensive Strategy
DEBUG:root:Executing:Check: have_largest_fleet
DEBUG:root:Result: Check: have_largest_fleet -> Failure
DEBUG:root:Result: Sequence: Offensive Strategy -> Failure
DEBUG:root:Executing:Action: attack_weakest_enemy_planet
DEBUG:root:Result: Action: attack_weakest_enemy_planet -> Failure
DEBUG:root:Result: Selector: High Level Ordering of Strategies -> Failure
DEBUG:root:Finish turn

DEBUG:root:Executing:Selector: High Level Ordering of Strategies
DEBUG:root:Executing:Sequence: Spread Strategy
DEBUG:root:Executing:Check: if_neutral_planet_available
DEBUG:root:Result: Check: if_neutral_planet_available -> Success
DEBUG:root:Executing:Action: spread_to_weakest_neutral_planet
DEBUG:root:Result: Action: spread_to_weakest_neutral_planet -> Failure
DEBUG:root:Result: Sequence: Spread Strategy -> Failure
DEBUG:root:Executing:Sequence: Offensive Strategy
DEBUG:root:Executing:Check: have_largest_fleet
DEBUG:root:Result: Check: have_largest_fleet -> Failure
DEBUG:root:Result: Sequence: Offensive Strategy -> Failure
DEBUG:root:Executing:Action: attack_weakest_enemy_planet
DEBUG:root:Result: Action: attack_weakest_enemy_planet -> Failure
DEBUG:root:Result: Selector: High Level Ordering of Strategies -> Failure
DEBUG:root:Finish turn

DEBUG:root:Executing:Selector: High Level Ordering of Strategies
DEBUG:root:Executing:Sequence: Spread Strategy
DEBUG:root:Executing:Check: if_neutral_planet_available
DEBUG:root:Result: Check: if_neutral_planet_available -> Success
DEBUG:root:Executing:Action: spread_to_weakest_neutral_planet
DEBUG:root:Result: Action: spread_to_weakest_neutral_planet -> Failure
DEBUG:root:Result: Sequence: Spread Strategy -> Failure
DEBUG:root:Executing:Sequence: Offensive Strategy
DEBUG:root:Executing:Check: have_largest_fleet
DEBUG:root:Result: Check: have_largest_fleet -> Failure
DEBUG:root:Result: Sequence: Offensive Strategy -> Failure
DEBUG:root:Executing:Action: attack_weakest_enemy_planet
DEBUG:root:Order:1 11 27.5
DEBUG:root:Result: Action: attack_weakest_enemy_planet -> Success
DEBUG:root:Result: Selector: High Level Ordering of Strategies -> Success
DEBUG:root:Finish turn

DEBUG:root:Executing:Selector: High Level Ordering of Strategies
DEBUG:root:Executing:Sequence: Spread Strategy
DEBUG:root:Executing:Check: if_neutral_planet_available
DEBUG:root:Result: Check: if_neutral_planet_available -> Success
DEBUG:root:Executing:Action: spread_to_weakest_neutral_planet
DEBUG:root:Result: Action: spread_to_weakest_neutral_planet -> Failure
DEBUG:root:Result: Sequence: Spread Strategy -> Failure
DEBUG:root:Executing:Sequence: Offensive Strategy
DEBUG:root:Executing:Check: have_largest_fleet
DEBUG:root:Result: Check: have_largest_fleet -> Failure
DEBUG:root:Result: Sequence: Offensive Strategy -> Failure
DEBUG:root:Executing:Action: attack_weakest_enemy_planet
DEBUG:root:Result: Action: attack_weakest_enemy_planet -> Failure
DEBUG:root:Result: Selector: High Level Ordering of Strategies -> Failure
DEBUG:root:Finish turn

DEBUG:root:Executing:Selector: High Level Ordering of Strategies
DEBUG:root:Executing:Sequence: Spread Strategy
DEBUG:root:Executing:Check: if_neutral_planet_available
DEBUG:root:Result: Check: if_neutral_planet_available -> Success
DEBUG:root:Executing:Action: spread_to_weakest_neutral_planet
DEBUG:root:Result: Action: spread_to_weakest_neutral_planet -> Failure
DEBUG:root:Result: Sequence: Spread Strategy -> Failure
DEBUG:root:Executing:Sequence: Offensive Strategy
DEBUG:root:Executing:Check: have_largest_fleet
DEBUG:root:Result: Check: have_largest_fleet -> Failure
DEBUG:root:Result: Sequence: Offensive Strategy -> Failure
DEBUG:root:Executing:Action: attack_weakest_enemy_planet
DEBUG:root:Result: Action: attack_weakest_enemy_planet -> Failure
DEBUG:root:Result: Selector: High Level Ordering of Strategies -> Failure
DEBUG:root:Finish turn

DEBUG:root:Executing:Selector: High Level Ordering of Strategies
DEBUG:root:Executing:Sequence: Spread Strategy
DEBUG:root:Executing:Check: if_neutral_planet_available
DEBUG:root:Result: Check: if_neutral_planet_available -> Success
DEBUG:root:Executing:Action: spread_to_weakest_neutral_planet
DEBUG:root:Result: Action: spread_to_weakest_neutral_planet -> Failure
DEBUG:root:Result: Sequence: Spread Strategy -> Failure
DEBUG:root:Executing:Sequence: Offensive Strategy
DEBUG:root:Executing:Check: have_largest_fleet
DEBUG:root:Result: Check: have_largest_fleet -> Failure
DEBUG:root:Result: Sequence: Offensive Strategy -> Failure
DEBUG:root:Executing:Action: attack_weakest_enemy_planet
DEBUG:root:Result: Action: attack_weakest_enemy_planet -> Failure
DEBUG:root:Result: Selector: High Level Ordering of Strategies -> Failure
DEBUG:root:Finish turn

DEBUG:root:Executing:Selector: High Level Ordering of Strategies
DEBUG:root:Executing:Sequence: Spread Strategy
DEBUG:root:Executing:Check: if_neutral_planet_available
DEBUG:root:Result: Check: if_neutral_planet_available -> Success
DEBUG:root:Executing:Action: spread_to_weakest_neutral_planet
DEBUG:root:Result: Action: spread_to_weakest_neutral_planet -> Failure
DEBUG:root:Result: Sequence: Spread Strategy -> Failure
DEBUG:root:Executing:Sequence: Offensive Strategy
DEBUG:root:Executing:Check: have_largest_fleet
DEBUG:root:Result: Check: have_largest_fleet -> Failure
DEBUG:root:Result: Sequence: Offensive Strategy -> Failure
DEBUG:root:Executing:Action: attack_weakest_enemy_planet
DEBUG:root:Result: Action: attack_weakest_enemy_planet -> Failure
DEBUG:root:Result: Selector: High Level Ordering of Strategies -> Failure
DEBUG:root:Finish turn

DEBUG:root:Executing:Selector: High Level Ordering of Strategies
DEBUG:root:Executing:Sequence: Spread Strategy
DEBUG:root:Executing:Check: if_neutral_planet_available
DEBUG:root:Result: Check: if_neutral_planet_available -> Success
DEBUG:root:Executing:Action: spread_to_weakest_neutral_planet
DEBUG:root:Result: Action: spread_to_weakest_neutral_planet -> Failure
DEBUG:root:Result: Sequence: Spread Strategy -> Failure
DEBUG:root:Executing:Sequence: Offensive Strategy
DEBUG:root:Executing:Check: have_largest_fleet
DEBUG:root:Result: Check: have_largest_fleet -> Failure
DEBUG:root:Result: Sequence: Offensive Strategy -> Failure
DEBUG:root:Executing:Action: attack_weakest_enemy_planet
DEBUG:root:Result: Action: attack_weakest_enemy_planet -> Failure
DEBUG:root:Result: Selector: High Level Ordering of Strategies -> Failure
DEBUG:root:Finish turn

DEBUG:root:Executing:Selector: High Level Ordering of Strategies
DEBUG:root:Executing:Sequence: Spread Strategy
DEBUG:root:Executing:Check: if_neutral_planet_available
DEBUG:root:Result: Check: if_neutral_planet_available -> Success
DEBUG:root:Executing:Action: spread_to_weakest_neutral_planet
DEBUG:root:Result: Action: spread_to_weakest_neutral_planet -> Failure
DEBUG:root:Result: Sequence: Spread Strategy -> Failure
DEBUG:root:Executing:Sequence: Offensive Strategy
DEBUG:root:Executing:Check: have_largest_fleet
DEBUG:root:Result: Check: have_largest_fleet -> Failure
DEBUG:root:Result: Sequence: Offensive Strategy -> Failure
DEBUG:root:Executing:Action: attack_weakest_enemy_planet
DEBUG:root:Order:20 12 34.0
DEBUG:root:Result: Action: attack_weakest_enemy_planet -> Success
DEBUG:root:Result: Selector: High Level Ordering of Strategies -> Success
DEBUG:root:Finish turn

DEBUG:root:Executing:Selector: High Level Ordering of Strategies
DEBUG:root:Executing:Sequence: Spread Strategy
DEBUG:root:Executing:Check: if_neutral_planet_available
DEBUG:root:Result: Check: if_neutral_planet_available -> Success
DEBUG:root:Executing:Action: spread_to_weakest_neutral_planet
DEBUG:root:Result: Action: spread_to_weakest_neutral_planet -> Failure
DEBUG:root:Result: Sequence: Spread Strategy -> Failure
DEBUG:root:Executing:Sequence: Offensive Strategy
DEBUG:root:Executing:Check: have_largest_fleet
DEBUG:root:Result: Check: have_largest_fleet -> Failure
DEBUG:root:Result: Sequence: Offensive Strategy -> Failure
DEBUG:root:Executing:Action: attack_weakest_enemy_planet
DEBUG:root:Order:1 16 31.5
DEBUG:root:Result: Action: attack_weakest_enemy_planet -> Success
DEBUG:root:Result: Selector: High Level Ordering of Strategies -> Success
DEBUG:root:Finish turn

DEBUG:root:Executing:Selector: High Level Ordering of Strategies
DEBUG:root:Executing:Sequence: Spread Strategy
DEBUG:root:Executing:Check: if_neutral_planet_available
DEBUG:root:Result: Check: if_neutral_planet_available -> Success
DEBUG:root:Executing:Action: spread_to_weakest_neutral_planet
DEBUG:root:Result: Action: spread_to_weakest_neutral_planet -> Failure
DEBUG:root:Result: Sequence: Spread Strategy -> Failure
DEBUG:root:Executing:Sequence: Offensive Strategy
DEBUG:root:Executing:Check: have_largest_fleet
DEBUG:root:Result: Check: have_largest_fleet -> Failure
DEBUG:root:Result: Sequence: Offensive Strategy -> Failure
DEBUG:root:Executing:Action: attack_weakest_enemy_planet
DEBUG:root:Order:20 7 21.0
DEBUG:root:Result: Action: attack_weakest_enemy_planet -> Success
DEBUG:root:Result: Selector: High Level Ordering of Strategies -> Success
DEBUG:root:Finish turn

DEBUG:root:Executing:Selector: High Level Ordering of Strategies
DEBUG:root:Executing:Sequence: Spread Strategy
DEBUG:root:Executing:Check: if_neutral_planet_available
DEBUG:root:Result: Check: if_neutral_planet_available -> Success
DEBUG:root:Executing:Action: spread_to_weakest_neutral_planet
DEBUG:root:Result: Action: spread_to_weakest_neutral_planet -> Failure
DEBUG:root:Result: Sequence: Spread Strategy -> Failure
DEBUG:root:Executing:Sequence: Offensive Strategy
DEBUG:root:Executing:Check: have_largest_fleet
DEBUG:root:Result: Check: have_largest_fleet -> Failure
DEBUG:root:Result: Sequence: Offensive Strategy -> Failure
DEBUG:root:Executing:Action: attack_weakest_enemy_planet
DEBUG:root:Order:1 2 21.0
DEBUG:root:Result: Action: attack_weakest_enemy_planet -> Success
DEBUG:root:Result: Selector: High Level Ordering of Strategies -> Success
DEBUG:root:Finish turn

DEBUG:root:Executing:Selector: High Level Ordering of Strategies
DEBUG:root:Executing:Sequence: Spread Strategy
DEBUG:root:Executing:Check: if_neutral_planet_available
DEBUG:root:Result: Check: if_neutral_planet_available -> Success
DEBUG:root:Executing:Action: spread_to_weakest_neutral_planet
DEBUG:root:Result: Action: spread_to_weakest_neutral_planet -> Failure
DEBUG:root:Result: Sequence: Spread Strategy -> Failure
DEBUG:root:Executing:Sequence: Offensive Strategy
DEBUG:root:Executing:Check: have_largest_fleet
DEBUG:root:Result: Check: have_largest_fleet -> Failure
DEBUG:root:Result: Sequence: Offensive Strategy -> Failure
DEBUG:root:Executing:Action: attack_weakest_enemy_planet
DEBUG:root:Order:20 19 14.5
DEBUG:root:Result: Action: attack_weakest_enemy_planet -> Success
DEBUG:root:Result: Selector: High Level Ordering of Strategies -> Success
DEBUG:root:Finish turn

DEBUG:root:Executing:Selector: High Level Ordering of Strategies
DEBUG:root:Executing:Sequence: Spread Strategy
DEBUG:root:Executing:Check: if_neutral_planet_available
DEBUG:root:Result: Check: if_neutral_planet_available -> Success
DEBUG:root:Executing:Action: spread_to_weakest_neutral_planet
DEBUG:root:Result: Action: spread_to_weakest_neutral_planet -> Failure
DEBUG:root:Result: Sequence: Spread Strategy -> Failure
DEBUG:root:Executing:Sequence: Offensive Strategy
DEBUG:root:Executing:Check: have_largest_fleet
DEBUG:root:Result: Check: have_largest_fleet -> Failure
DEBUG:root:Result: Sequence: Offensive Strategy -> Failure
DEBUG:root:Executing:Action: attack_weakest_enemy_planet
DEBUG:root:Result: Action: attack_weakest_enemy_planet -> Failure
DEBUG:root:Result: Selector: High Level Ordering of Strategies -> Failure
DEBUG:root:Finish turn

DEBUG:root:Executing:Selector: High Level Ordering of Strategies
DEBUG:root:Executing:Sequence: Spread Strategy
DEBUG:root:Executing:Check: if_neutral_planet_available
DEBUG:root:Result: Check: if_neutral_planet_available -> Success
DEBUG:root:Executing:Action: spread_to_weakest_neutral_planet
DEBUG:root:Result: Action: spread_to_weakest_neutral_planet -> Failure
DEBUG:root:Result: Sequence: Spread Strategy -> Failure
DEBUG:root:Executing:Sequence: Offensive Strategy
DEBUG:root:Executing:Check: have_largest_fleet
DEBUG:root:Result: Check: have_largest_fleet -> Failure
DEBUG:root:Result: Sequence: Offensive Strategy -> Failure
DEBUG:root:Executing:Action: attack_weakest_enemy_planet
DEBUG:root:Result: Action: attack_weakest_enemy_planet -> Failure
DEBUG:root:Result: Selector: High Level Ordering of Strategies -> Failure
DEBUG:root:Finish turn

DEBUG:root:Executing:Selector: High Level Ordering of Strategies
DEBUG:root:Executing:Sequence: Spread Strategy
DEBUG:root:Executing:Check: if_neutral_planet_available
DEBUG:root:Result: Check: if_neutral_planet_available -> Success
DEBUG:root:Executing:Action: spread_to_weakest_neutral_planet
DEBUG:root:Result: Action: spread_to_weakest_neutral_planet -> Failure
DEBUG:root:Result: Sequence: Spread Strategy -> Failure
DEBUG:root:Executing:Sequence: Offensive Strategy
DEBUG:root:Executing:Check: have_largest_fleet
DEBUG:root:Result: Check: have_largest_fleet -> Failure
DEBUG:root:Result: Sequence: Offensive Strategy -> Failure
DEBUG:root:Executing:Action: attack_weakest_enemy_planet
DEBUG:root:Result: Action: attack_weakest_enemy_planet -> Failure
DEBUG:root:Result: Selector: High Level Ordering of Strategies -> Failure
DEBUG:root:Finish turn

DEBUG:root:Executing:Selector: High Level Ordering of Strategies
DEBUG:root:Executing:Sequence: Spread Strategy
DEBUG:root:Executing:Check: if_neutral_planet_available
DEBUG:root:Result: Check: if_neutral_planet_available -> Success
DEBUG:root:Executing:Action: spread_to_weakest_neutral_planet
DEBUG:root:Result: Action: spread_to_weakest_neutral_planet -> Failure
DEBUG:root:Result: Sequence: Spread Strategy -> Failure
DEBUG:root:Executing:Sequence: Offensive Strategy
DEBUG:root:Executing:Check: have_largest_fleet
DEBUG:root:Result: Check: have_largest_fleet -> Failure
DEBUG:root:Result: Sequence: Offensive Strategy -> Failure
DEBUG:root:Executing:Action: attack_weakest_enemy_planet
DEBUG:root:Result: Action: attack_weakest_enemy_planet -> Failure
DEBUG:root:Result: Selector: High Level Ordering of Strategies -> Failure
DEBUG:root:Finish turn

DEBUG:root:Executing:Selector: High Level Ordering of Strategies
DEBUG:root:Executing:Sequence: Spread Strategy
DEBUG:root:Executing:Check: if_neutral_planet_available
DEBUG:root:Result: Check: if_neutral_planet_available -> Success
DEBUG:root:Executing:Action: spread_to_weakest_neutral_planet
DEBUG:root:Result: Action: spread_to_weakest_neutral_planet -> Failure
DEBUG:root:Result: Sequence: Spread Strategy -> Failure
DEBUG:root:Executing:Sequence: Offensive Strategy
DEBUG:root:Executing:Check: have_largest_fleet
DEBUG:root:Result: Check: have_largest_fleet -> Failure
DEBUG:root:Result: Sequence: Offensive Strategy -> Failure
DEBUG:root:Executing:Action: attack_weakest_enemy_planet
DEBUG:root:Result: Action: attack_weakest_enemy_planet -> Failure
DEBUG:root:Result: Selector: High Level Ordering of Strategies -> Failure
DEBUG:root:Finish turn

DEBUG:root:Executing:Selector: High Level Ordering of Strategies
DEBUG:root:Executing:Sequence: Spread Strategy
DEBUG:root:Executing:Check: if_neutral_planet_available
DEBUG:root:Result: Check: if_neutral_planet_available -> Success
DEBUG:root:Executing:Action: spread_to_weakest_neutral_planet
DEBUG:root:Result: Action: spread_to_weakest_neutral_planet -> Failure
DEBUG:root:Result: Sequence: Spread Strategy -> Failure
DEBUG:root:Executing:Sequence: Offensive Strategy
DEBUG:root:Executing:Check: have_largest_fleet
DEBUG:root:Result: Check: have_largest_fleet -> Failure
DEBUG:root:Result: Sequence: Offensive Strategy -> Failure
DEBUG:root:Executing:Action: attack_weakest_enemy_planet
DEBUG:root:Result: Action: attack_weakest_enemy_planet -> Failure
DEBUG:root:Result: Selector: High Level Ordering of Strategies -> Failure
DEBUG:root:Finish turn

DEBUG:root:Executing:Selector: High Level Ordering of Strategies
DEBUG:root:Executing:Sequence: Spread Strategy
DEBUG:root:Executing:Check: if_neutral_planet_available
DEBUG:root:Result: Check: if_neutral_planet_available -> Success
DEBUG:root:Executing:Action: spread_to_weakest_neutral_planet
DEBUG:root:Result: Action: spread_to_weakest_neutral_planet -> Failure
DEBUG:root:Result: Sequence: Spread Strategy -> Failure
DEBUG:root:Executing:Sequence: Offensive Strategy
DEBUG:root:Executing:Check: have_largest_fleet
DEBUG:root:Result: Check: have_largest_fleet -> Failure
DEBUG:root:Result: Sequence: Offensive Strategy -> Failure
DEBUG:root:Executing:Action: attack_weakest_enemy_planet
DEBUG:root:Result: Action: attack_weakest_enemy_planet -> Failure
DEBUG:root:Result: Selector: High Level Ordering of Strategies -> Failure
DEBUG:root:Finish turn

DEBUG:root:Executing:Selector: High Level Ordering of Strategies
DEBUG:root:Executing:Sequence: Spread Strategy
DEBUG:root:Executing:Check: if_neutral_planet_available
DEBUG:root:Result: Check: if_neutral_planet_available -> Success
DEBUG:root:Executing:Action: spread_to_weakest_neutral_planet
DEBUG:root:Result: Action: spread_to_weakest_neutral_planet -> Failure
DEBUG:root:Result: Sequence: Spread Strategy -> Failure
DEBUG:root:Executing:Sequence: Offensive Strategy
DEBUG:root:Executing:Check: have_largest_fleet
DEBUG:root:Result: Check: have_largest_fleet -> Failure
DEBUG:root:Result: Sequence: Offensive Strategy -> Failure
DEBUG:root:Executing:Action: attack_weakest_enemy_planet
DEBUG:root:Order:1 8 33.0
DEBUG:root:Result: Action: attack_weakest_enemy_planet -> Success
DEBUG:root:Result: Selector: High Level Ordering of Strategies -> Success
DEBUG:root:Finish turn

DEBUG:root:Executing:Selector: High Level Ordering of Strategies
DEBUG:root:Executing:Sequence: Spread Strategy
DEBUG:root:Executing:Check: if_neutral_planet_available
DEBUG:root:Result: Check: if_neutral_planet_available -> Success
DEBUG:root:Executing:Action: spread_to_weakest_neutral_planet
DEBUG:root:Result: Action: spread_to_weakest_neutral_planet -> Failure
DEBUG:root:Result: Sequence: Spread Strategy -> Failure
DEBUG:root:Executing:Sequence: Offensive Strategy
DEBUG:root:Executing:Check: have_largest_fleet
DEBUG:root:Result: Check: have_largest_fleet -> Success
DEBUG:root:Executing:Action: attack_weakest_enemy_planet
DEBUG:root:Result: Action: attack_weakest_enemy_planet -> Failure
DEBUG:root:Result: Sequence: Offensive Strategy -> Failure
DEBUG:root:Executing:Action: attack_weakest_enemy_planet
DEBUG:root:Result: Action: attack_weakest_enemy_planet -> Failure
DEBUG:root:Result: Selector: High Level Ordering of Strategies -> Failure
DEBUG:root:Finish turn

DEBUG:root:Executing:Selector: High Level Ordering of Strategies
DEBUG:root:Executing:Sequence: Spread Strategy
DEBUG:root:Executing:Check: if_neutral_planet_available
DEBUG:root:Result: Check: if_neutral_planet_available -> Success
DEBUG:root:Executing:Action: spread_to_weakest_neutral_planet
DEBUG:root:Result: Action: spread_to_weakest_neutral_planet -> Failure
DEBUG:root:Result: Sequence: Spread Strategy -> Failure
DEBUG:root:Executing:Sequence: Offensive Strategy
DEBUG:root:Executing:Check: have_largest_fleet
DEBUG:root:Result: Check: have_largest_fleet -> Success
DEBUG:root:Executing:Action: attack_weakest_enemy_planet
DEBUG:root:Order:20 11 27.5
DEBUG:root:Result: Action: attack_weakest_enemy_planet -> Success
DEBUG:root:Result: Sequence: Offensive Strategy -> Success
DEBUG:root:Result: Selector: High Level Ordering of Strategies -> Success
DEBUG:root:Finish turn

DEBUG:root:Executing:Selector: High Level Ordering of Strategies
DEBUG:root:Executing:Sequence: Spread Strategy
DEBUG:root:Executing:Check: if_neutral_planet_available
DEBUG:root:Result: Check: if_neutral_planet_available -> Success
DEBUG:root:Executing:Action: spread_to_weakest_neutral_planet
DEBUG:root:Result: Action: spread_to_weakest_neutral_planet -> Failure
DEBUG:root:Result: Sequence: Spread Strategy -> Failure
DEBUG:root:Executing:Sequence: Offensive Strategy
DEBUG:root:Executing:Check: have_largest_fleet
DEBUG:root:Result: Check: have_largest_fleet -> Success
DEBUG:root:Executing:Action: attack_weakest_enemy_planet
DEBUG:root:Order:1 18 24.0
DEBUG:root:Result: Action: attack_weakest_enemy_planet -> Success
DEBUG:root:Result: Sequence: Offensive Strategy -> Success
DEBUG:root:Result: Selector: High Level Ordering of Strategies -> Success
DEBUG:root:Finish turn

DEBUG:root:Executing:Selector: High Level Ordering of Strategies
DEBUG:root:Executing:Sequence: Spread Strategy
DEBUG:root:Executing:Check: if_neutral_planet_available
DEBUG:root:Result: Check: if_neutral_planet_available -> Success
DEBUG:root:Executing:Action: spread_to_weakest_neutral_planet
DEBUG:root:Result: Action: spread_to_weakest_neutral_planet -> Failure
DEBUG:root:Result: Sequence: Spread Strategy -> Failure
DEBUG:root:Executing:Sequence: Offensive Strategy
DEBUG:root:Executing:Check: have_largest_fleet
DEBUG:root:Result: Check: have_largest_fleet -> Success
DEBUG:root:Executing:Action: attack_weakest_enemy_planet
DEBUG:root:Order:17 13 25.0
DEBUG:root:Result: Action: attack_weakest_enemy_planet -> Success
DEBUG:root:Result: Sequence: Offensive Strategy -> Success
DEBUG:root:Result: Selector: High Level Ordering of Strategies -> Success
DEBUG:root:Finish turn

DEBUG:root:Executing:Selector: High Level Ordering of Strategies
DEBUG:root:Executing:Sequence: Spread Strategy
DEBUG:root:Executing:Check: if_neutral_planet_available
DEBUG:root:Result: Check: if_neutral_planet_available -> Success
DEBUG:root:Executing:Action: spread_to_weakest_neutral_planet
DEBUG:root:Result: Action: spread_to_weakest_neutral_planet -> Failure
DEBUG:root:Result: Sequence: Spread Strategy -> Failure
DEBUG:root:Executing:Sequence: Offensive Strategy
DEBUG:root:Executing:Check: have_largest_fleet
DEBUG:root:Result: Check: have_largest_fleet -> Success
DEBUG:root:Executing:Action: attack_weakest_enemy_planet
DEBUG:root:Result: Action: attack_weakest_enemy_planet -> Failure
DEBUG:root:Result: Sequence: Offensive Strategy -> Failure
DEBUG:root:Executing:Action: attack_weakest_enemy_planet
DEBUG:root:Result: Action: attack_weakest_enemy_planet -> Failure
DEBUG:root:Result: Selector: High Level Ordering of Strategies -> Failure
DEBUG:root:Finish turn

DEBUG:root:Executing:Selector: High Level Ordering of Strategies
DEBUG:root:Executing:Sequence: Spread Strategy
DEBUG:root:Executing:Check: if_neutral_planet_available
DEBUG:root:Result: Check: if_neutral_planet_available -> Success
DEBUG:root:Executing:Action: spread_to_weakest_neutral_planet
DEBUG:root:Result: Action: spread_to_weakest_neutral_planet -> Failure
DEBUG:root:Result: Sequence: Spread Strategy -> Failure
DEBUG:root:Executing:Sequence: Offensive Strategy
DEBUG:root:Executing:Check: have_largest_fleet
DEBUG:root:Result: Check: have_largest_fleet -> Success
DEBUG:root:Executing:Action: attack_weakest_enemy_planet
DEBUG:root:Result: Action: attack_weakest_enemy_planet -> Failure
DEBUG:root:Result: Sequence: Offensive Strategy -> Failure
DEBUG:root:Executing:Action: attack_weakest_enemy_planet
DEBUG:root:Result: Action: attack_weakest_enemy_planet -> Failure
DEBUG:root:Result: Selector: High Level Ordering of Strategies -> Failure
DEBUG:root:Finish turn

DEBUG:root:Executing:Selector: High Level Ordering of Strategies
DEBUG:root:Executing:Sequence: Spread Strategy
DEBUG:root:Executing:Check: if_neutral_planet_available
DEBUG:root:Result: Check: if_neutral_planet_available -> Success
DEBUG:root:Executing:Action: spread_to_weakest_neutral_planet
DEBUG:root:Result: Action: spread_to_weakest_neutral_planet -> Failure
DEBUG:root:Result: Sequence: Spread Strategy -> Failure
DEBUG:root:Executing:Sequence: Offensive Strategy
DEBUG:root:Executing:Check: have_largest_fleet
DEBUG:root:Result: Check: have_largest_fleet -> Success
DEBUG:root:Executing:Action: attack_weakest_enemy_planet
DEBUG:root:Order:16 14 27.0
DEBUG:root:Result: Action: attack_weakest_enemy_planet -> Success
DEBUG:root:Result: Sequence: Offensive Strategy -> Success
DEBUG:root:Result: Selector: High Level Ordering of Strategies -> Success
DEBUG:root:Finish turn

DEBUG:root:Executing:Selector: High Level Ordering of Strategies
DEBUG:root:Executing:Sequence: Spread Strategy
DEBUG:root:Executing:Check: if_neutral_planet_available
DEBUG:root:Result: Check: if_neutral_planet_available -> Success
DEBUG:root:Executing:Action: spread_to_weakest_neutral_planet
DEBUG:root:Result: Action: spread_to_weakest_neutral_planet -> Failure
DEBUG:root:Result: Sequence: Spread Strategy -> Failure
DEBUG:root:Executing:Sequence: Offensive Strategy
DEBUG:root:Executing:Check: have_largest_fleet
DEBUG:root:Result: Check: have_largest_fleet -> Success
DEBUG:root:Executing:Action: attack_weakest_enemy_planet
DEBUG:root:Result: Action: attack_weakest_enemy_planet -> Failure
DEBUG:root:Result: Sequence: Offensive Strategy -> Failure
DEBUG:root:Executing:Action: attack_weakest_enemy_planet
DEBUG:root:Result: Action: attack_weakest_enemy_planet -> Failure
DEBUG:root:Result: Selector: High Level Ordering of Strategies -> Failure
DEBUG:root:Finish turn

DEBUG:root:Executing:Selector: High Level Ordering of Strategies
DEBUG:root:Executing:Sequence: Spread Strategy
DEBUG:root:Executing:Check: if_neutral_planet_available
DEBUG:root:Result: Check: if_neutral_planet_available -> Success
DEBUG:root:Executing:Action: spread_to_weakest_neutral_planet
DEBUG:root:Result: Action: spread_to_weakest_neutral_planet -> Failure
DEBUG:root:Result: Sequence: Spread Strategy -> Failure
DEBUG:root:Executing:Sequence: Offensive Strategy
DEBUG:root:Executing:Check: have_largest_fleet
DEBUG:root:Result: Check: have_largest_fleet -> Success
DEBUG:root:Executing:Action: attack_weakest_enemy_planet
DEBUG:root:Order:15 18 29.5
DEBUG:root:Result: Action: attack_weakest_enemy_planet -> Success
DEBUG:root:Result: Sequence: Offensive Strategy -> Success
DEBUG:root:Result: Selector: High Level Ordering of Strategies -> Success
DEBUG:root:Finish turn

DEBUG:root:Executing:Selector: High Level Ordering of Strategies
DEBUG:root:Executing:Sequence: Spread Strategy
DEBUG:root:Executing:Check: if_neutral_planet_available
DEBUG:root:Result: Check: if_neutral_planet_available -> Success
DEBUG:root:Executing:Action: spread_to_weakest_neutral_planet
DEBUG:root:Result: Action: spread_to_weakest_neutral_planet -> Failure
DEBUG:root:Result: Sequence: Spread Strategy -> Failure
DEBUG:root:Executing:Sequence: Offensive Strategy
DEBUG:root:Executing:Check: have_largest_fleet
DEBUG:root:Result: Check: have_largest_fleet -> Success
DEBUG:root:Executing:Action: attack_weakest_enemy_planet
DEBUG:root:Result: Action: attack_weakest_enemy_planet -> Failure
DEBUG:root:Result: Sequence: Offensive Strategy -> Failure
DEBUG:root:Executing:Action: attack_weakest_enemy_planet
DEBUG:root:Result: Action: attack_weakest_enemy_planet -> Failure
DEBUG:root:Result: Selector: High Level Ordering of Strategies -> Failure
DEBUG:root:Finish turn

DEBUG:root:Executing:Selector: High Level Ordering of Strategies
DEBUG:root:Executing:Sequence: Spread Strategy
DEBUG:root:Executing:Check: if_neutral_planet_available
DEBUG:root:Result: Check: if_neutral_planet_available -> Success
DEBUG:root:Executing:Action: spread_to_weakest_neutral_planet
DEBUG:root:Result: Action: spread_to_weakest_neutral_planet -> Failure
DEBUG:root:Result: Sequence: Spread Strategy -> Failure
DEBUG:root:Executing:Sequence: Offensive Strategy
DEBUG:root:Executing:Check: have_largest_fleet
DEBUG:root:Result: Check: have_largest_fleet -> Success
DEBUG:root:Executing:Action: attack_weakest_enemy_planet
DEBUG:root:Order:1 12 32.0
DEBUG:root:Result: Action: attack_weakest_enemy_planet -> Success
DEBUG:root:Result: Sequence: Offensive Strategy -> Success
DEBUG:root:Result: Selector: High Level Ordering of Strategies -> Success
DEBUG:root:Finish turn

DEBUG:root:Executing:Selector: High Level Ordering of Strategies
DEBUG:root:Executing:Sequence: Spread Strategy
DEBUG:root:Executing:Check: if_neutral_planet_available
DEBUG:root:Result: Check: if_neutral_planet_available -> Success
DEBUG:root:Executing:Action: spread_to_weakest_neutral_planet
DEBUG:root:Result: Action: spread_to_weakest_neutral_planet -> Failure
DEBUG:root:Result: Sequence: Spread Strategy -> Failure
DEBUG:root:Executing:Sequence: Offensive Strategy
DEBUG:root:Executing:Check: have_largest_fleet
DEBUG:root:Result: Check: have_largest_fleet -> Success
DEBUG:root:Executing:Action: attack_weakest_enemy_planet
DEBUG:root:Order:20 7 34.0
DEBUG:root:Result: Action: attack_weakest_enemy_planet -> Success
DEBUG:root:Result: Sequence: Offensive Strategy -> Success
DEBUG:root:Result: Selector: High Level Ordering of Strategies -> Success
DEBUG:root:Finish turn

DEBUG:root:Executing:Selector: High Level Ordering of Strategies
DEBUG:root:Executing:Sequence: Spread Strategy
DEBUG:root:Executing:Check: if_neutral_planet_available
DEBUG:root:Result: Check: if_neutral_planet_available -> Success
DEBUG:root:Executing:Action: spread_to_weakest_neutral_planet
DEBUG:root:Result: Action: spread_to_weakest_neutral_planet -> Failure
DEBUG:root:Result: Sequence: Spread Strategy -> Failure
DEBUG:root:Executing:Sequence: Offensive Strategy
DEBUG:root:Executing:Check: have_largest_fleet
DEBUG:root:Result: Check: have_largest_fleet -> Success
DEBUG:root:Executing:Action: attack_weakest_enemy_planet
DEBUG:root:Result: Action: attack_weakest_enemy_planet -> Failure
DEBUG:root:Result: Sequence: Offensive Strategy -> Failure
DEBUG:root:Executing:Action: attack_weakest_enemy_planet
DEBUG:root:Result: Action: attack_weakest_enemy_planet -> Failure
DEBUG:root:Result: Selector: High Level Ordering of Strategies -> Failure
DEBUG:root:Finish turn

DEBUG:root:Executing:Selector: High Level Ordering of Strategies
DEBUG:root:Executing:Sequence: Spread Strategy
DEBUG:root:Executing:Check: if_neutral_planet_available
DEBUG:root:Result: Check: if_neutral_planet_available -> Success
DEBUG:root:Executing:Action: spread_to_weakest_neutral_planet
DEBUG:root:Result: Action: spread_to_weakest_neutral_planet -> Failure
DEBUG:root:Result: Sequence: Spread Strategy -> Failure
DEBUG:root:Executing:Sequence: Offensive Strategy
DEBUG:root:Executing:Check: have_largest_fleet
DEBUG:root:Result: Check: have_largest_fleet -> Success
DEBUG:root:Executing:Action: attack_weakest_enemy_planet
DEBUG:root:Result: Action: attack_weakest_enemy_planet -> Failure
DEBUG:root:Result: Sequence: Offensive Strategy -> Failure
DEBUG:root:Executing:Action: attack_weakest_enemy_planet
DEBUG:root:Result: Action: attack_weakest_enemy_planet -> Failure
DEBUG:root:Result: Selector: High Level Ordering of Strategies -> Failure
DEBUG:root:Finish turn

DEBUG:root:Executing:Selector: High Level Ordering of Strategies
DEBUG:root:Executing:Sequence: Spread Strategy
DEBUG:root:Executing:Check: if_neutral_planet_available
DEBUG:root:Result: Check: if_neutral_planet_available -> Success
DEBUG:root:Executing:Action: spread_to_weakest_neutral_planet
DEBUG:root:Result: Action: spread_to_weakest_neutral_planet -> Failure
DEBUG:root:Result: Sequence: Spread Strategy -> Failure
DEBUG:root:Executing:Sequence: Offensive Strategy
DEBUG:root:Executing:Check: have_largest_fleet
DEBUG:root:Result: Check: have_largest_fleet -> Success
DEBUG:root:Executing:Action: attack_weakest_enemy_planet
DEBUG:root:Order:17 15 34.5
DEBUG:root:Result: Action: attack_weakest_enemy_planet -> Success
DEBUG:root:Result: Sequence: Offensive Strategy -> Success
DEBUG:root:Result: Selector: High Level Ordering of Strategies -> Success
DEBUG:root:Finish turn

DEBUG:root:Executing:Selector: High Level Ordering of Strategies
DEBUG:root:Executing:Sequence: Spread Strategy
DEBUG:root:Executing:Check: if_neutral_planet_available
DEBUG:root:Result: Check: if_neutral_planet_available -> Success
DEBUG:root:Executing:Action: spread_to_weakest_neutral_planet
DEBUG:root:Result: Action: spread_to_weakest_neutral_planet -> Failure
DEBUG:root:Result: Sequence: Spread Strategy -> Failure
DEBUG:root:Executing:Sequence: Offensive Strategy
DEBUG:root:Executing:Check: have_largest_fleet
DEBUG:root:Result: Check: have_largest_fleet -> Success
DEBUG:root:Executing:Action: attack_weakest_enemy_planet
DEBUG:root:Order:1 19 28.5
DEBUG:root:Result: Action: attack_weakest_enemy_planet -> Success
DEBUG:root:Result: Sequence: Offensive Strategy -> Success
DEBUG:root:Result: Selector: High Level Ordering of Strategies -> Success
DEBUG:root:Finish turn

DEBUG:root:Executing:Selector: High Level Ordering of Strategies
DEBUG:root:Executing:Sequence: Spread Strategy
DEBUG:root:Executing:Check: if_neutral_planet_available
DEBUG:root:Result: Check: if_neutral_planet_available -> Success
DEBUG:root:Executing:Action: spread_to_weakest_neutral_planet
DEBUG:root:Result: Action: spread_to_weakest_neutral_planet -> Failure
DEBUG:root:Result: Sequence: Spread Strategy -> Failure
DEBUG:root:Executing:Sequence: Offensive Strategy
DEBUG:root:Executing:Check: have_largest_fleet
DEBUG:root:Result: Check: have_largest_fleet -> Success
DEBUG:root:Executing:Action: attack_weakest_enemy_planet
DEBUG:root:Order:16 13 28.5
DEBUG:root:Result: Action: attack_weakest_enemy_planet -> Success
DEBUG:root:Result: Sequence: Offensive Strategy -> Success
DEBUG:root:Result: Selector: High Level Ordering of Strategies -> Success
DEBUG:root:Finish turn

DEBUG:root:Executing:Selector: High Level Ordering of Strategies
DEBUG:root:Executing:Sequence: Spread Strategy
DEBUG:root:Executing:Check: if_neutral_planet_available
DEBUG:root:Result: Check: if_neutral_planet_available -> Success
DEBUG:root:Executing:Action: spread_to_weakest_neutral_planet
DEBUG:root:Result: Action: spread_to_weakest_neutral_planet -> Failure
DEBUG:root:Result: Sequence: Spread Strategy -> Failure
DEBUG:root:Executing:Sequence: Offensive Strategy
DEBUG:root:Executing:Check: have_largest_fleet
DEBUG:root:Result: Check: have_largest_fleet -> Success
DEBUG:root:Executing:Action: attack_weakest_enemy_planet
DEBUG:root:Result: Action: attack_weakest_enemy_planet -> Failure
DEBUG:root:Result: Sequence: Offensive Strategy -> Failure
DEBUG:root:Executing:Action: attack_weakest_enemy_planet
DEBUG:root:Result: Action: attack_weakest_enemy_planet -> Failure
DEBUG:root:Result: Selector: High Level Ordering of Strategies -> Failure
DEBUG:root:Finish turn

DEBUG:root:Executing:Selector: High Level Ordering of Strategies
DEBUG:root:Executing:Sequence: Spread Strategy
DEBUG:root:Executing:Check: if_neutral_planet_available
DEBUG:root:Result: Check: if_neutral_planet_available -> Success
DEBUG:root:Executing:Action: spread_to_weakest_neutral_planet
DEBUG:root:Result: Action: spread_to_weakest_neutral_planet -> Failure
DEBUG:root:Result: Sequence: Spread Strategy -> Failure
DEBUG:root:Executing:Sequence: Offensive Strategy
DEBUG:root:Executing:Check: have_largest_fleet
DEBUG:root:Result: Check: have_largest_fleet -> Success
DEBUG:root:Executing:Action: attack_weakest_enemy_planet
DEBUG:root:Result: Action: attack_weakest_enemy_planet -> Failure
DEBUG:root:Result: Sequence: Offensive Strategy -> Failure
DEBUG:root:Executing:Action: attack_weakest_enemy_planet
DEBUG:root:Result: Action: attack_weakest_enemy_planet -> Failure
DEBUG:root:Result: Selector: High Level Ordering of Strategies -> Failure
DEBUG:root:Finish turn

DEBUG:root:Executing:Selector: High Level Ordering of Strategies
DEBUG:root:Executing:Sequence: Spread Strategy
DEBUG:root:Executing:Check: if_neutral_planet_available
DEBUG:root:Result: Check: if_neutral_planet_available -> Success
DEBUG:root:Executing:Action: spread_to_weakest_neutral_planet
DEBUG:root:Result: Action: spread_to_weakest_neutral_planet -> Failure
DEBUG:root:Result: Sequence: Spread Strategy -> Failure
DEBUG:root:Executing:Sequence: Offensive Strategy
DEBUG:root:Executing:Check: have_largest_fleet
DEBUG:root:Result: Check: have_largest_fleet -> Success
DEBUG:root:Executing:Action: attack_weakest_enemy_planet
DEBUG:root:Result: Action: attack_weakest_enemy_planet -> Failure
DEBUG:root:Result: Sequence: Offensive Strategy -> Failure
DEBUG:root:Executing:Action: attack_weakest_enemy_planet
DEBUG:root:Result: Action: attack_weakest_enemy_planet -> Failure
DEBUG:root:Result: Selector: High Level Ordering of Strategies -> Failure
DEBUG:root:Finish turn

DEBUG:root:Executing:Selector: High Level Ordering of Strategies
DEBUG:root:Executing:Sequence: Spread Strategy
DEBUG:root:Executing:Check: if_neutral_planet_available
DEBUG:root:Result: Check: if_neutral_planet_available -> Success
DEBUG:root:Executing:Action: spread_to_weakest_neutral_planet
DEBUG:root:Result: Action: spread_to_weakest_neutral_planet -> Failure
DEBUG:root:Result: Sequence: Spread Strategy -> Failure
DEBUG:root:Executing:Sequence: Offensive Strategy
DEBUG:root:Executing:Check: have_largest_fleet
DEBUG:root:Result: Check: have_largest_fleet -> Success
DEBUG:root:Executing:Action: attack_weakest_enemy_planet
DEBUG:root:Result: Action: attack_weakest_enemy_planet -> Failure
DEBUG:root:Result: Sequence: Offensive Strategy -> Failure
DEBUG:root:Executing:Action: attack_weakest_enemy_planet
DEBUG:root:Result: Action: attack_weakest_enemy_planet -> Failure
DEBUG:root:Result: Selector: High Level Ordering of Strategies -> Failure
DEBUG:root:Finish turn

DEBUG:root:Executing:Selector: High Level Ordering of Strategies
DEBUG:root:Executing:Sequence: Spread Strategy
DEBUG:root:Executing:Check: if_neutral_planet_available
DEBUG:root:Result: Check: if_neutral_planet_available -> Success
DEBUG:root:Executing:Action: spread_to_weakest_neutral_planet
DEBUG:root:Result: Action: spread_to_weakest_neutral_planet -> Failure
DEBUG:root:Result: Sequence: Spread Strategy -> Failure
DEBUG:root:Executing:Sequence: Offensive Strategy
DEBUG:root:Executing:Check: have_largest_fleet
DEBUG:root:Result: Check: have_largest_fleet -> Success
DEBUG:root:Executing:Action: attack_weakest_enemy_planet
DEBUG:root:Order:20 14 37.0
DEBUG:root:Result: Action: attack_weakest_enemy_planet -> Success
DEBUG:root:Result: Sequence: Offensive Strategy -> Success
DEBUG:root:Result: Selector: High Level Ordering of Strategies -> Success
DEBUG:root:Finish turn

DEBUG:root:Executing:Selector: High Level Ordering of Strategies
DEBUG:root:Executing:Sequence: Spread Strategy
DEBUG:root:Executing:Check: if_neutral_planet_available
DEBUG:root:Result: Check: if_neutral_planet_available -> Success
DEBUG:root:Executing:Action: spread_to_weakest_neutral_planet
DEBUG:root:Result: Action: spread_to_weakest_neutral_planet -> Failure
DEBUG:root:Result: Sequence: Spread Strategy -> Failure
DEBUG:root:Executing:Sequence: Offensive Strategy
DEBUG:root:Executing:Check: have_largest_fleet
DEBUG:root:Result: Check: have_largest_fleet -> Success
DEBUG:root:Executing:Action: attack_weakest_enemy_planet
DEBUG:root:Result: Action: attack_weakest_enemy_planet -> Failure
DEBUG:root:Result: Sequence: Offensive Strategy -> Failure
DEBUG:root:Executing:Action: attack_weakest_enemy_planet
DEBUG:root:Result: Action: attack_weakest_enemy_planet -> Failure
DEBUG:root:Result: Selector: High Level Ordering of Strategies -> Failure
DEBUG:root:Finish turn

DEBUG:root:Executing:Selector: High Level Ordering of Strategies
DEBUG:root:Executing:Sequence: Spread Strategy
DEBUG:root:Executing:Check: if_neutral_planet_available
DEBUG:root:Result: Check: if_neutral_planet_available -> Success
DEBUG:root:Executing:Action: spread_to_weakest_neutral_planet
DEBUG:root:Result: Action: spread_to_weakest_neutral_planet -> Failure
DEBUG:root:Result: Sequence: Spread Strategy -> Failure
DEBUG:root:Executing:Sequence: Offensive Strategy
DEBUG:root:Executing:Check: have_largest_fleet
DEBUG:root:Result: Check: have_largest_fleet -> Success
DEBUG:root:Executing:Action: attack_weakest_enemy_planet
DEBUG:root:Result: Action: attack_weakest_enemy_planet -> Failure
DEBUG:root:Result: Sequence: Offensive Strategy -> Failure
DEBUG:root:Executing:Action: attack_weakest_enemy_planet
DEBUG:root:Result: Action: attack_weakest_enemy_planet -> Failure
DEBUG:root:Result: Selector: High Level Ordering of Strategies -> Failure
DEBUG:root:Finish turn

DEBUG:root:Executing:Selector: High Level Ordering of Strategies
DEBUG:root:Executing:Sequence: Spread Strategy
DEBUG:root:Executing:Check: if_neutral_planet_available
DEBUG:root:Result: Check: if_neutral_planet_available -> Success
DEBUG:root:Executing:Action: spread_to_weakest_neutral_planet
DEBUG:root:Result: Action: spread_to_weakest_neutral_planet -> Failure
DEBUG:root:Result: Sequence: Spread Strategy -> Failure
DEBUG:root:Executing:Sequence: Offensive Strategy
DEBUG:root:Executing:Check: have_largest_fleet
DEBUG:root:Result: Check: have_largest_fleet -> Success
DEBUG:root:Executing:Action: attack_weakest_enemy_planet
DEBUG:root:Order:2 18 41.5
DEBUG:root:Result: Action: attack_weakest_enemy_planet -> Success
DEBUG:root:Result: Sequence: Offensive Strategy -> Success
DEBUG:root:Result: Selector: High Level Ordering of Strategies -> Success
DEBUG:root:Finish turn

DEBUG:root:Executing:Selector: High Level Ordering of Strategies
DEBUG:root:Executing:Sequence: Spread Strategy
DEBUG:root:Executing:Check: if_neutral_planet_available
DEBUG:root:Result: Check: if_neutral_planet_available -> Success
DEBUG:root:Executing:Action: spread_to_weakest_neutral_planet
DEBUG:root:Result: Action: spread_to_weakest_neutral_planet -> Failure
DEBUG:root:Result: Sequence: Spread Strategy -> Failure
DEBUG:root:Executing:Sequence: Offensive Strategy
DEBUG:root:Executing:Check: have_largest_fleet
DEBUG:root:Result: Check: have_largest_fleet -> Success
DEBUG:root:Executing:Action: attack_weakest_enemy_planet
DEBUG:root:Order:1 12 39.5
DEBUG:root:Result: Action: attack_weakest_enemy_planet -> Success
DEBUG:root:Result: Sequence: Offensive Strategy -> Success
DEBUG:root:Result: Selector: High Level Ordering of Strategies -> Success
DEBUG:root:Finish turn

DEBUG:root:Executing:Selector: High Level Ordering of Strategies
DEBUG:root:Executing:Sequence: Spread Strategy
DEBUG:root:Executing:Check: if_neutral_planet_available
DEBUG:root:Result: Check: if_neutral_planet_available -> Success
DEBUG:root:Executing:Action: spread_to_weakest_neutral_planet
DEBUG:root:Result: Action: spread_to_weakest_neutral_planet -> Failure
DEBUG:root:Result: Sequence: Spread Strategy -> Failure
DEBUG:root:Executing:Sequence: Offensive Strategy
DEBUG:root:Executing:Check: have_largest_fleet
DEBUG:root:Result: Check: have_largest_fleet -> Success
DEBUG:root:Executing:Action: attack_weakest_enemy_planet
DEBUG:root:Order:17 8 41.5
DEBUG:root:Result: Action: attack_weakest_enemy_planet -> Success
DEBUG:root:Result: Sequence: Offensive Strategy -> Success
DEBUG:root:Result: Selector: High Level Ordering of Strategies -> Success
DEBUG:root:Finish turn

DEBUG:root:Executing:Selector: High Level Ordering of Strategies
DEBUG:root:Executing:Sequence: Spread Strategy
DEBUG:root:Executing:Check: if_neutral_planet_available
DEBUG:root:Result: Check: if_neutral_planet_available -> Success
DEBUG:root:Executing:Action: spread_to_weakest_neutral_planet
DEBUG:root:Result: Action: spread_to_weakest_neutral_planet -> Failure
DEBUG:root:Result: Sequence: Spread Strategy -> Failure
DEBUG:root:Executing:Sequence: Offensive Strategy
DEBUG:root:Executing:Check: have_largest_fleet
DEBUG:root:Result: Check: have_largest_fleet -> Success
DEBUG:root:Executing:Action: attack_weakest_enemy_planet
DEBUG:root:Order:16 11 31.0
DEBUG:root:Result: Action: attack_weakest_enemy_planet -> Success
DEBUG:root:Result: Sequence: Offensive Strategy -> Success
DEBUG:root:Result: Selector: High Level Ordering of Strategies -> Success
DEBUG:root:Finish turn

DEBUG:root:Executing:Selector: High Level Ordering of Strategies
DEBUG:root:Executing:Sequence: Spread Strategy
DEBUG:root:Executing:Check: if_neutral_planet_available
DEBUG:root:Result: Check: if_neutral_planet_available -> Success
DEBUG:root:Executing:Action: spread_to_weakest_neutral_planet
DEBUG:root:Result: Action: spread_to_weakest_neutral_planet -> Failure
DEBUG:root:Result: Sequence: Spread Strategy -> Failure
DEBUG:root:Executing:Sequence: Offensive Strategy
DEBUG:root:Executing:Check: have_largest_fleet
DEBUG:root:Result: Check: have_largest_fleet -> Success
DEBUG:root:Executing:Action: attack_weakest_enemy_planet
DEBUG:root:Result: Action: attack_weakest_enemy_planet -> Failure
DEBUG:root:Result: Sequence: Offensive Strategy -> Failure
DEBUG:root:Executing:Action: attack_weakest_enemy_planet
DEBUG:root:Result: Action: attack_weakest_enemy_planet -> Failure
DEBUG:root:Result: Selector: High Level Ordering of Strategies -> Failure
DEBUG:root:Finish turn

DEBUG:root:Executing:Selector: High Level Ordering of Strategies
DEBUG:root:Executing:Sequence: Spread Strategy
DEBUG:root:Executing:Check: if_neutral_planet_available
DEBUG:root:Result: Check: if_neutral_planet_available -> Success
DEBUG:root:Executing:Action: spread_to_weakest_neutral_planet
DEBUG:root:Result: Action: spread_to_weakest_neutral_planet -> Failure
DEBUG:root:Result: Sequence: Spread Strategy -> Failure
DEBUG:root:Executing:Sequence: Offensive Strategy
DEBUG:root:Executing:Check: have_largest_fleet
DEBUG:root:Result: Check: have_largest_fleet -> Success
DEBUG:root:Executing:Action: attack_weakest_enemy_planet
DEBUG:root:Result: Action: attack_weakest_enemy_planet -> Failure
DEBUG:root:Result: Sequence: Offensive Strategy -> Failure
DEBUG:root:Executing:Action: attack_weakest_enemy_planet
DEBUG:root:Result: Action: attack_weakest_enemy_planet -> Failure
DEBUG:root:Result: Selector: High Level Ordering of Strategies -> Failure
DEBUG:root:Finish turn

DEBUG:root:Executing:Selector: High Level Ordering of Strategies
DEBUG:root:Executing:Sequence: Spread Strategy
DEBUG:root:Executing:Check: if_neutral_planet_available
DEBUG:root:Result: Check: if_neutral_planet_available -> Success
DEBUG:root:Executing:Action: spread_to_weakest_neutral_planet
DEBUG:root:Result: Action: spread_to_weakest_neutral_planet -> Failure
DEBUG:root:Result: Sequence: Spread Strategy -> Failure
DEBUG:root:Executing:Sequence: Offensive Strategy
DEBUG:root:Executing:Check: have_largest_fleet
DEBUG:root:Result: Check: have_largest_fleet -> Success
DEBUG:root:Executing:Action: attack_weakest_enemy_planet
DEBUG:root:Result: Action: attack_weakest_enemy_planet -> Failure
DEBUG:root:Result: Sequence: Offensive Strategy -> Failure
DEBUG:root:Executing:Action: attack_weakest_enemy_planet
DEBUG:root:Result: Action: attack_weakest_enemy_planet -> Failure
DEBUG:root:Result: Selector: High Level Ordering of Strategies -> Failure
DEBUG:root:Finish turn

DEBUG:root:Executing:Selector: High Level Ordering of Strategies
DEBUG:root:Executing:Sequence: Spread Strategy
DEBUG:root:Executing:Check: if_neutral_planet_available
DEBUG:root:Result: Check: if_neutral_planet_available -> Success
DEBUG:root:Executing:Action: spread_to_weakest_neutral_planet
DEBUG:root:Result: Action: spread_to_weakest_neutral_planet -> Failure
DEBUG:root:Result: Sequence: Spread Strategy -> Failure
DEBUG:root:Executing:Sequence: Offensive Strategy
DEBUG:root:Executing:Check: have_largest_fleet
DEBUG:root:Result: Check: have_largest_fleet -> Success
DEBUG:root:Executing:Action: attack_weakest_enemy_planet
DEBUG:root:Result: Action: attack_weakest_enemy_planet -> Failure
DEBUG:root:Result: Sequence: Offensive Strategy -> Failure
DEBUG:root:Executing:Action: attack_weakest_enemy_planet
DEBUG:root:Result: Action: attack_weakest_enemy_planet -> Failure
DEBUG:root:Result: Selector: High Level Ordering of Strategies -> Failure
DEBUG:root:Finish turn

DEBUG:root:Executing:Selector: High Level Ordering of Strategies
DEBUG:root:Executing:Sequence: Spread Strategy
DEBUG:root:Executing:Check: if_neutral_planet_available
DEBUG:root:Result: Check: if_neutral_planet_available -> Success
DEBUG:root:Executing:Action: spread_to_weakest_neutral_planet
DEBUG:root:Result: Action: spread_to_weakest_neutral_planet -> Failure
DEBUG:root:Result: Sequence: Spread Strategy -> Failure
DEBUG:root:Executing:Sequence: Offensive Strategy
DEBUG:root:Executing:Check: have_largest_fleet
DEBUG:root:Result: Check: have_largest_fleet -> Success
DEBUG:root:Executing:Action: attack_weakest_enemy_planet
DEBUG:root:Order:2 7 41.0
DEBUG:root:Result: Action: attack_weakest_enemy_planet -> Success
DEBUG:root:Result: Sequence: Offensive Strategy -> Success
DEBUG:root:Result: Selector: High Level Ordering of Strategies -> Success
DEBUG:root:Finish turn

DEBUG:root:Executing:Selector: High Level Ordering of Strategies
DEBUG:root:Executing:Sequence: Spread Strategy
DEBUG:root:Executing:Check: if_neutral_planet_available
DEBUG:root:Result: Check: if_neutral_planet_available -> Success
DEBUG:root:Executing:Action: spread_to_weakest_neutral_planet
DEBUG:root:Result: Action: spread_to_weakest_neutral_planet -> Failure
DEBUG:root:Result: Sequence: Spread Strategy -> Failure
DEBUG:root:Executing:Sequence: Offensive Strategy
DEBUG:root:Executing:Check: have_largest_fleet
DEBUG:root:Result: Check: have_largest_fleet -> Success
DEBUG:root:Executing:Action: attack_weakest_enemy_planet
DEBUG:root:Order:20 13 42.5
DEBUG:root:Result: Action: attack_weakest_enemy_planet -> Success
DEBUG:root:Result: Sequence: Offensive Strategy -> Success
DEBUG:root:Result: Selector: High Level Ordering of Strategies -> Success
DEBUG:root:Finish turn

DEBUG:root:Executing:Selector: High Level Ordering of Strategies
DEBUG:root:Executing:Sequence: Spread Strategy
DEBUG:root:Executing:Check: if_neutral_planet_available
DEBUG:root:Result: Check: if_neutral_planet_available -> Success
DEBUG:root:Executing:Action: spread_to_weakest_neutral_planet
DEBUG:root:Result: Action: spread_to_weakest_neutral_planet -> Failure
DEBUG:root:Result: Sequence: Spread Strategy -> Failure
DEBUG:root:Executing:Sequence: Offensive Strategy
DEBUG:root:Executing:Check: have_largest_fleet
DEBUG:root:Result: Check: have_largest_fleet -> Success
DEBUG:root:Executing:Action: attack_weakest_enemy_planet
DEBUG:root:Result: Action: attack_weakest_enemy_planet -> Failure
DEBUG:root:Result: Sequence: Offensive Strategy -> Failure
DEBUG:root:Executing:Action: attack_weakest_enemy_planet
DEBUG:root:Result: Action: attack_weakest_enemy_planet -> Failure
DEBUG:root:Result: Selector: High Level Ordering of Strategies -> Failure
DEBUG:root:Finish turn

DEBUG:root:Executing:Selector: High Level Ordering of Strategies
DEBUG:root:Executing:Sequence: Spread Strategy
DEBUG:root:Executing:Check: if_neutral_planet_available
DEBUG:root:Result: Check: if_neutral_planet_available -> Success
DEBUG:root:Executing:Action: spread_to_weakest_neutral_planet
DEBUG:root:Result: Action: spread_to_weakest_neutral_planet -> Failure
DEBUG:root:Result: Sequence: Spread Strategy -> Failure
DEBUG:root:Executing:Sequence: Offensive Strategy
DEBUG:root:Executing:Check: have_largest_fleet
DEBUG:root:Result: Check: have_largest_fleet -> Success
DEBUG:root:Executing:Action: attack_weakest_enemy_planet
DEBUG:root:Result: Action: attack_weakest_enemy_planet -> Failure
DEBUG:root:Result: Sequence: Offensive Strategy -> Failure
DEBUG:root:Executing:Action: attack_weakest_enemy_planet
DEBUG:root:Result: Action: attack_weakest_enemy_planet -> Failure
DEBUG:root:Result: Selector: High Level Ordering of Strategies -> Failure
DEBUG:root:Finish turn

DEBUG:root:Executing:Selector: High Level Ordering of Strategies
DEBUG:root:Executing:Sequence: Spread Strategy
DEBUG:root:Executing:Check: if_neutral_planet_available
DEBUG:root:Result: Check: if_neutral_planet_available -> Success
DEBUG:root:Executing:Action: spread_to_weakest_neutral_planet
DEBUG:root:Result: Action: spread_to_weakest_neutral_planet -> Failure
DEBUG:root:Result: Sequence: Spread Strategy -> Failure
DEBUG:root:Executing:Sequence: Offensive Strategy
DEBUG:root:Executing:Check: have_largest_fleet
DEBUG:root:Result: Check: have_largest_fleet -> Success
DEBUG:root:Executing:Action: attack_weakest_enemy_planet
DEBUG:root:Result: Action: attack_weakest_enemy_planet -> Failure
DEBUG:root:Result: Sequence: Offensive Strategy -> Failure
DEBUG:root:Executing:Action: attack_weakest_enemy_planet
DEBUG:root:Result: Action: attack_weakest_enemy_planet -> Failure
DEBUG:root:Result: Selector: High Level Ordering of Strategies -> Failure
DEBUG:root:Finish turn

DEBUG:root:Executing:Selector: High Level Ordering of Strategies
DEBUG:root:Executing:Sequence: Spread Strategy
DEBUG:root:Executing:Check: if_neutral_planet_available
DEBUG:root:Result: Check: if_neutral_planet_available -> Success
DEBUG:root:Executing:Action: spread_to_weakest_neutral_planet
DEBUG:root:Result: Action: spread_to_weakest_neutral_planet -> Failure
DEBUG:root:Result: Sequence: Spread Strategy -> Failure
DEBUG:root:Executing:Sequence: Offensive Strategy
DEBUG:root:Executing:Check: have_largest_fleet
DEBUG:root:Result: Check: have_largest_fleet -> Success
DEBUG:root:Executing:Action: attack_weakest_enemy_planet
DEBUG:root:Result: Action: attack_weakest_enemy_planet -> Failure
DEBUG:root:Result: Sequence: Offensive Strategy -> Failure
DEBUG:root:Executing:Action: attack_weakest_enemy_planet
DEBUG:root:Result: Action: attack_weakest_enemy_planet -> Failure
DEBUG:root:Result: Selector: High Level Ordering of Strategies -> Failure
DEBUG:root:Finish turn

DEBUG:root:Executing:Selector: High Level Ordering of Strategies
DEBUG:root:Executing:Sequence: Spread Strategy
DEBUG:root:Executing:Check: if_neutral_planet_available
DEBUG:root:Result: Check: if_neutral_planet_available -> Success
DEBUG:root:Executing:Action: spread_to_weakest_neutral_planet
DEBUG:root:Result: Action: spread_to_weakest_neutral_planet -> Failure
DEBUG:root:Result: Sequence: Spread Strategy -> Failure
DEBUG:root:Executing:Sequence: Offensive Strategy
DEBUG:root:Executing:Check: have_largest_fleet
DEBUG:root:Result: Check: have_largest_fleet -> Success
DEBUG:root:Executing:Action: attack_weakest_enemy_planet
DEBUG:root:Result: Action: attack_weakest_enemy_planet -> Failure
DEBUG:root:Result: Sequence: Offensive Strategy -> Failure
DEBUG:root:Executing:Action: attack_weakest_enemy_planet
DEBUG:root:Result: Action: attack_weakest_enemy_planet -> Failure
DEBUG:root:Result: Selector: High Level Ordering of Strategies -> Failure
DEBUG:root:Finish turn

DEBUG:root:Executing:Selector: High Level Ordering of Strategies
DEBUG:root:Executing:Sequence: Spread Strategy
DEBUG:root:Executing:Check: if_neutral_planet_available
DEBUG:root:Result: Check: if_neutral_planet_available -> Success
DEBUG:root:Executing:Action: spread_to_weakest_neutral_planet
DEBUG:root:Result: Action: spread_to_weakest_neutral_planet -> Failure
DEBUG:root:Result: Sequence: Spread Strategy -> Failure
DEBUG:root:Executing:Sequence: Offensive Strategy
DEBUG:root:Executing:Check: have_largest_fleet
DEBUG:root:Result: Check: have_largest_fleet -> Success
DEBUG:root:Executing:Action: attack_weakest_enemy_planet
DEBUG:root:Result: Action: attack_weakest_enemy_planet -> Failure
DEBUG:root:Result: Sequence: Offensive Strategy -> Failure
DEBUG:root:Executing:Action: attack_weakest_enemy_planet
DEBUG:root:Result: Action: attack_weakest_enemy_planet -> Failure
DEBUG:root:Result: Selector: High Level Ordering of Strategies -> Failure
DEBUG:root:Finish turn

DEBUG:root:Executing:Selector: High Level Ordering of Strategies
DEBUG:root:Executing:Sequence: Spread Strategy
DEBUG:root:Executing:Check: if_neutral_planet_available
DEBUG:root:Result: Check: if_neutral_planet_available -> Success
DEBUG:root:Executing:Action: spread_to_weakest_neutral_planet
DEBUG:root:Result: Action: spread_to_weakest_neutral_planet -> Failure
DEBUG:root:Result: Sequence: Spread Strategy -> Failure
DEBUG:root:Executing:Sequence: Offensive Strategy
DEBUG:root:Executing:Check: have_largest_fleet
DEBUG:root:Result: Check: have_largest_fleet -> Success
DEBUG:root:Executing:Action: attack_weakest_enemy_planet
DEBUG:root:Order:1 12 57.5
DEBUG:root:Result: Action: attack_weakest_enemy_planet -> Success
DEBUG:root:Result: Sequence: Offensive Strategy -> Success
DEBUG:root:Result: Selector: High Level Ordering of Strategies -> Success
DEBUG:root:Finish turn

DEBUG:root:Executing:Selector: High Level Ordering of Strategies
DEBUG:root:Executing:Sequence: Spread Strategy
DEBUG:root:Executing:Check: if_neutral_planet_available
DEBUG:root:Result: Check: if_neutral_planet_available -> Success
DEBUG:root:Executing:Action: spread_to_weakest_neutral_planet
DEBUG:root:Result: Action: spread_to_weakest_neutral_planet -> Failure
DEBUG:root:Result: Sequence: Spread Strategy -> Failure
DEBUG:root:Executing:Sequence: Offensive Strategy
DEBUG:root:Executing:Check: have_largest_fleet
DEBUG:root:Result: Check: have_largest_fleet -> Success
DEBUG:root:Executing:Action: attack_weakest_enemy_planet
DEBUG:root:Order:17 14 51.0
DEBUG:root:Result: Action: attack_weakest_enemy_planet -> Success
DEBUG:root:Result: Sequence: Offensive Strategy -> Success
DEBUG:root:Result: Selector: High Level Ordering of Strategies -> Success
DEBUG:root:Finish turn

DEBUG:root:Executing:Selector: High Level Ordering of Strategies
DEBUG:root:Executing:Sequence: Spread Strategy
DEBUG:root:Executing:Check: if_neutral_planet_available
DEBUG:root:Result: Check: if_neutral_planet_available -> Success
DEBUG:root:Executing:Action: spread_to_weakest_neutral_planet
DEBUG:root:Result: Action: spread_to_weakest_neutral_planet -> Failure
DEBUG:root:Result: Sequence: Spread Strategy -> Failure
DEBUG:root:Executing:Sequence: Offensive Strategy
DEBUG:root:Executing:Check: have_largest_fleet
DEBUG:root:Result: Check: have_largest_fleet -> Success
DEBUG:root:Executing:Action: attack_weakest_enemy_planet
DEBUG:root:Result: Action: attack_weakest_enemy_planet -> Failure
DEBUG:root:Result: Sequence: Offensive Strategy -> Failure
DEBUG:root:Executing:Action: attack_weakest_enemy_planet
DEBUG:root:Result: Action: attack_weakest_enemy_planet -> Failure
DEBUG:root:Result: Selector: High Level Ordering of Strategies -> Failure
DEBUG:root:Finish turn

DEBUG:root:Executing:Selector: High Level Ordering of Strategies
DEBUG:root:Executing:Sequence: Spread Strategy
DEBUG:root:Executing:Check: if_neutral_planet_available
DEBUG:root:Result: Check: if_neutral_planet_available -> Success
DEBUG:root:Executing:Action: spread_to_weakest_neutral_planet
DEBUG:root:Result: Action: spread_to_weakest_neutral_planet -> Failure
DEBUG:root:Result: Sequence: Spread Strategy -> Failure
DEBUG:root:Executing:Sequence: Offensive Strategy
DEBUG:root:Executing:Check: have_largest_fleet
DEBUG:root:Result: Check: have_largest_fleet -> Success
DEBUG:root:Executing:Action: attack_weakest_enemy_planet
DEBUG:root:Result: Action: attack_weakest_enemy_planet -> Failure
DEBUG:root:Result: Sequence: Offensive Strategy -> Failure
DEBUG:root:Executing:Action: attack_weakest_enemy_planet
DEBUG:root:Result: Action: attack_weakest_enemy_planet -> Failure
DEBUG:root:Result: Selector: High Level Ordering of Strategies -> Failure
DEBUG:root:Finish turn

DEBUG:root:Executing:Selector: High Level Ordering of Strategies
DEBUG:root:Executing:Sequence: Spread Strategy
DEBUG:root:Executing:Check: if_neutral_planet_available
DEBUG:root:Result: Check: if_neutral_planet_available -> Success
DEBUG:root:Executing:Action: spread_to_weakest_neutral_planet
DEBUG:root:Result: Action: spread_to_weakest_neutral_planet -> Failure
DEBUG:root:Result: Sequence: Spread Strategy -> Failure
DEBUG:root:Executing:Sequence: Offensive Strategy
DEBUG:root:Executing:Check: have_largest_fleet
DEBUG:root:Result: Check: have_largest_fleet -> Success
DEBUG:root:Executing:Action: attack_weakest_enemy_planet
DEBUG:root:Result: Action: attack_weakest_enemy_planet -> Failure
DEBUG:root:Result: Sequence: Offensive Strategy -> Failure
DEBUG:root:Executing:Action: attack_weakest_enemy_planet
DEBUG:root:Result: Action: attack_weakest_enemy_planet -> Failure
DEBUG:root:Result: Selector: High Level Ordering of Strategies -> Failure
DEBUG:root:Finish turn

DEBUG:root:Executing:Selector: High Level Ordering of Strategies
DEBUG:root:Executing:Sequence: Spread Strategy
DEBUG:root:Executing:Check: if_neutral_planet_available
DEBUG:root:Result: Check: if_neutral_planet_available -> Success
DEBUG:root:Executing:Action: spread_to_weakest_neutral_planet
DEBUG:root:Result: Action: spread_to_weakest_neutral_planet -> Failure
DEBUG:root:Result: Sequence: Spread Strategy -> Failure
DEBUG:root:Executing:Sequence: Offensive Strategy
DEBUG:root:Executing:Check: have_largest_fleet
DEBUG:root:Result: Check: have_largest_fleet -> Success
DEBUG:root:Executing:Action: attack_weakest_enemy_planet
DEBUG:root:Result: Action: attack_weakest_enemy_planet -> Failure
DEBUG:root:Result: Sequence: Offensive Strategy -> Failure
DEBUG:root:Executing:Action: attack_weakest_enemy_planet
DEBUG:root:Result: Action: attack_weakest_enemy_planet -> Failure
DEBUG:root:Result: Selector: High Level Ordering of Strategies -> Failure
DEBUG:root:Finish turn

DEBUG:root:Executing:Selector: High Level Ordering of Strategies
DEBUG:root:Executing:Sequence: Spread Strategy
DEBUG:root:Executing:Check: if_neutral_planet_available
DEBUG:root:Result: Check: if_neutral_planet_available -> Success
DEBUG:root:Executing:Action: spread_to_weakest_neutral_planet
DEBUG:root:Result: Action: spread_to_weakest_neutral_planet -> Failure
DEBUG:root:Result: Sequence: Spread Strategy -> Failure
DEBUG:root:Executing:Sequence: Offensive Strategy
DEBUG:root:Executing:Check: have_largest_fleet
DEBUG:root:Result: Check: have_largest_fleet -> Success
DEBUG:root:Executing:Action: attack_weakest_enemy_planet
DEBUG:root:Order:2 11 55.5
DEBUG:root:Result: Action: attack_weakest_enemy_planet -> Success
DEBUG:root:Result: Sequence: Offensive Strategy -> Success
DEBUG:root:Result: Selector: High Level Ordering of Strategies -> Success
DEBUG:root:Finish turn

DEBUG:root:Executing:Selector: High Level Ordering of Strategies
DEBUG:root:Executing:Sequence: Spread Strategy
DEBUG:root:Executing:Check: if_neutral_planet_available
DEBUG:root:Result: Check: if_neutral_planet_available -> Success
DEBUG:root:Executing:Action: spread_to_weakest_neutral_planet
DEBUG:root:Result: Action: spread_to_weakest_neutral_planet -> Failure
DEBUG:root:Result: Sequence: Spread Strategy -> Failure
DEBUG:root:Executing:Sequence: Offensive Strategy
DEBUG:root:Executing:Check: have_largest_fleet
DEBUG:root:Result: Check: have_largest_fleet -> Success
DEBUG:root:Executing:Action: attack_weakest_enemy_planet
DEBUG:root:Result: Action: attack_weakest_enemy_planet -> Failure
DEBUG:root:Result: Sequence: Offensive Strategy -> Failure
DEBUG:root:Executing:Action: attack_weakest_enemy_planet
DEBUG:root:Result: Action: attack_weakest_enemy_planet -> Failure
DEBUG:root:Result: Selector: High Level Ordering of Strategies -> Failure
DEBUG:root:Finish turn

DEBUG:root:Executing:Selector: High Level Ordering of Strategies
DEBUG:root:Executing:Sequence: Spread Strategy
DEBUG:root:Executing:Check: if_neutral_planet_available
DEBUG:root:Result: Check: if_neutral_planet_available -> Success
DEBUG:root:Executing:Action: spread_to_weakest_neutral_planet
DEBUG:root:Result: Action: spread_to_weakest_neutral_planet -> Failure
DEBUG:root:Result: Sequence: Spread Strategy -> Failure
DEBUG:root:Executing:Sequence: Offensive Strategy
DEBUG:root:Executing:Check: have_largest_fleet
DEBUG:root:Result: Check: have_largest_fleet -> Success
DEBUG:root:Executing:Action: attack_weakest_enemy_planet
DEBUG:root:Order:15 5 55.5
DEBUG:root:Result: Action: attack_weakest_enemy_planet -> Success
DEBUG:root:Result: Sequence: Offensive Strategy -> Success
DEBUG:root:Result: Selector: High Level Ordering of Strategies -> Success
DEBUG:root:Finish turn

DEBUG:root:Executing:Selector: High Level Ordering of Strategies
DEBUG:root:Executing:Sequence: Spread Strategy
DEBUG:root:Executing:Check: if_neutral_planet_available
DEBUG:root:Result: Check: if_neutral_planet_available -> Success
DEBUG:root:Executing:Action: spread_to_weakest_neutral_planet
DEBUG:root:Result: Action: spread_to_weakest_neutral_planet -> Failure
DEBUG:root:Result: Sequence: Spread Strategy -> Failure
DEBUG:root:Executing:Sequence: Offensive Strategy
DEBUG:root:Executing:Check: have_largest_fleet
DEBUG:root:Result: Check: have_largest_fleet -> Success
DEBUG:root:Executing:Action: attack_weakest_enemy_planet
DEBUG:root:Result: Action: attack_weakest_enemy_planet -> Failure
DEBUG:root:Result: Sequence: Offensive Strategy -> Failure
DEBUG:root:Executing:Action: attack_weakest_enemy_planet
DEBUG:root:Result: Action: attack_weakest_enemy_planet -> Failure
DEBUG:root:Result: Selector: High Level Ordering of Strategies -> Failure
DEBUG:root:Finish turn

DEBUG:root:Executing:Selector: High Level Ordering of Strategies
DEBUG:root:Executing:Sequence: Spread Strategy
DEBUG:root:Executing:Check: if_neutral_planet_available
DEBUG:root:Result: Check: if_neutral_planet_available -> Success
DEBUG:root:Executing:Action: spread_to_weakest_neutral_planet
DEBUG:root:Result: Action: spread_to_weakest_neutral_planet -> Failure
DEBUG:root:Result: Sequence: Spread Strategy -> Failure
DEBUG:root:Executing:Sequence: Offensive Strategy
DEBUG:root:Executing:Check: have_largest_fleet
DEBUG:root:Result: Check: have_largest_fleet -> Success
DEBUG:root:Executing:Action: attack_weakest_enemy_planet
DEBUG:root:Result: Action: attack_weakest_enemy_planet -> Failure
DEBUG:root:Result: Sequence: Offensive Strategy -> Failure
DEBUG:root:Executing:Action: attack_weakest_enemy_planet
DEBUG:root:Result: Action: attack_weakest_enemy_planet -> Failure
DEBUG:root:Result: Selector: High Level Ordering of Strategies -> Failure
DEBUG:root:Finish turn

DEBUG:root:Executing:Selector: High Level Ordering of Strategies
DEBUG:root:Executing:Sequence: Spread Strategy
DEBUG:root:Executing:Check: if_neutral_planet_available
DEBUG:root:Result: Check: if_neutral_planet_available -> Success
DEBUG:root:Executing:Action: spread_to_weakest_neutral_planet
DEBUG:root:Result: Action: spread_to_weakest_neutral_planet -> Failure
DEBUG:root:Result: Sequence: Spread Strategy -> Failure
DEBUG:root:Executing:Sequence: Offensive Strategy
DEBUG:root:Executing:Check: have_largest_fleet
DEBUG:root:Result: Check: have_largest_fleet -> Success
DEBUG:root:Executing:Action: attack_weakest_enemy_planet
DEBUG:root:Result: Action: attack_weakest_enemy_planet -> Failure
DEBUG:root:Result: Sequence: Offensive Strategy -> Failure
DEBUG:root:Executing:Action: attack_weakest_enemy_planet
DEBUG:root:Result: Action: attack_weakest_enemy_planet -> Failure
DEBUG:root:Result: Selector: High Level Ordering of Strategies -> Failure
DEBUG:root:Finish turn

DEBUG:root:Executing:Selector: High Level Ordering of Strategies
DEBUG:root:Executing:Sequence: Spread Strategy
DEBUG:root:Executing:Check: if_neutral_planet_available
DEBUG:root:Result: Check: if_neutral_planet_available -> Success
DEBUG:root:Executing:Action: spread_to_weakest_neutral_planet
DEBUG:root:Result: Action: spread_to_weakest_neutral_planet -> Failure
DEBUG:root:Result: Sequence: Spread Strategy -> Failure
DEBUG:root:Executing:Sequence: Offensive Strategy
DEBUG:root:Executing:Check: have_largest_fleet
DEBUG:root:Result: Check: have_largest_fleet -> Success
DEBUG:root:Executing:Action: attack_weakest_enemy_planet
DEBUG:root:Result: Action: attack_weakest_enemy_planet -> Failure
DEBUG:root:Result: Sequence: Offensive Strategy -> Failure
DEBUG:root:Executing:Action: attack_weakest_enemy_planet
DEBUG:root:Result: Action: attack_weakest_enemy_planet -> Failure
DEBUG:root:Result: Selector: High Level Ordering of Strategies -> Failure
DEBUG:root:Finish turn

DEBUG:root:Executing:Selector: High Level Ordering of Strategies
DEBUG:root:Executing:Sequence: Spread Strategy
DEBUG:root:Executing:Check: if_neutral_planet_available
DEBUG:root:Result: Check: if_neutral_planet_available -> Success
DEBUG:root:Executing:Action: spread_to_weakest_neutral_planet
DEBUG:root:Result: Action: spread_to_weakest_neutral_planet -> Failure
DEBUG:root:Result: Sequence: Spread Strategy -> Failure
DEBUG:root:Executing:Sequence: Offensive Strategy
DEBUG:root:Executing:Check: have_largest_fleet
DEBUG:root:Result: Check: have_largest_fleet -> Success
DEBUG:root:Executing:Action: attack_weakest_enemy_planet
DEBUG:root:Result: Action: attack_weakest_enemy_planet -> Failure
DEBUG:root:Result: Sequence: Offensive Strategy -> Failure
DEBUG:root:Executing:Action: attack_weakest_enemy_planet
DEBUG:root:Result: Action: attack_weakest_enemy_planet -> Failure
DEBUG:root:Result: Selector: High Level Ordering of Strategies -> Failure
DEBUG:root:Finish turn

DEBUG:root:Executing:Selector: High Level Ordering of Strategies
DEBUG:root:Executing:Sequence: Spread Strategy
DEBUG:root:Executing:Check: if_neutral_planet_available
DEBUG:root:Result: Check: if_neutral_planet_available -> Success
DEBUG:root:Executing:Action: spread_to_weakest_neutral_planet
DEBUG:root:Result: Action: spread_to_weakest_neutral_planet -> Failure
DEBUG:root:Result: Sequence: Spread Strategy -> Failure
DEBUG:root:Executing:Sequence: Offensive Strategy
DEBUG:root:Executing:Check: have_largest_fleet
DEBUG:root:Result: Check: have_largest_fleet -> Success
DEBUG:root:Executing:Action: attack_weakest_enemy_planet
DEBUG:root:Result: Action: attack_weakest_enemy_planet -> Failure
DEBUG:root:Result: Sequence: Offensive Strategy -> Failure
DEBUG:root:Executing:Action: attack_weakest_enemy_planet
DEBUG:root:Result: Action: attack_weakest_enemy_planet -> Failure
DEBUG:root:Result: Selector: High Level Ordering of Strategies -> Failure
DEBUG:root:Finish turn

DEBUG:root:Executing:Selector: High Level Ordering of Strategies
DEBUG:root:Executing:Sequence: Spread Strategy
DEBUG:root:Executing:Check: if_neutral_planet_available
DEBUG:root:Result: Check: if_neutral_planet_available -> Success
DEBUG:root:Executing:Action: spread_to_weakest_neutral_planet
DEBUG:root:Result: Action: spread_to_weakest_neutral_planet -> Failure
DEBUG:root:Result: Sequence: Spread Strategy -> Failure
DEBUG:root:Executing:Sequence: Offensive Strategy
DEBUG:root:Executing:Check: have_largest_fleet
DEBUG:root:Result: Check: have_largest_fleet -> Success
DEBUG:root:Executing:Action: attack_weakest_enemy_planet
DEBUG:root:Result: Action: attack_weakest_enemy_planet -> Failure
DEBUG:root:Result: Sequence: Offensive Strategy -> Failure
DEBUG:root:Executing:Action: attack_weakest_enemy_planet
DEBUG:root:Result: Action: attack_weakest_enemy_planet -> Failure
DEBUG:root:Result: Selector: High Level Ordering of Strategies -> Failure
DEBUG:root:Finish turn

DEBUG:root:Executing:Selector: High Level Ordering of Strategies
DEBUG:root:Executing:Sequence: Spread Strategy
DEBUG:root:Executing:Check: if_neutral_planet_available
DEBUG:root:Result: Check: if_neutral_planet_available -> Success
DEBUG:root:Executing:Action: spread_to_weakest_neutral_planet
DEBUG:root:Result: Action: spread_to_weakest_neutral_planet -> Failure
DEBUG:root:Result: Sequence: Spread Strategy -> Failure
DEBUG:root:Executing:Sequence: Offensive Strategy
DEBUG:root:Executing:Check: have_largest_fleet
DEBUG:root:Result: Check: have_largest_fleet -> Success
DEBUG:root:Executing:Action: attack_weakest_enemy_planet
DEBUG:root:Result: Action: attack_weakest_enemy_planet -> Failure
DEBUG:root:Result: Sequence: Offensive Strategy -> Failure
DEBUG:root:Executing:Action: attack_weakest_enemy_planet
DEBUG:root:Result: Action: attack_weakest_enemy_planet -> Failure
DEBUG:root:Result: Selector: High Level Ordering of Strategies -> Failure
DEBUG:root:Finish turn

DEBUG:root:Executing:Selector: High Level Ordering of Strategies
DEBUG:root:Executing:Sequence: Spread Strategy
DEBUG:root:Executing:Check: if_neutral_planet_available
DEBUG:root:Result: Check: if_neutral_planet_available -> Success
DEBUG:root:Executing:Action: spread_to_weakest_neutral_planet
DEBUG:root:Result: Action: spread_to_weakest_neutral_planet -> Failure
DEBUG:root:Result: Sequence: Spread Strategy -> Failure
DEBUG:root:Executing:Sequence: Offensive Strategy
DEBUG:root:Executing:Check: have_largest_fleet
DEBUG:root:Result: Check: have_largest_fleet -> Success
DEBUG:root:Executing:Action: attack_weakest_enemy_planet
DEBUG:root:Result: Action: attack_weakest_enemy_planet -> Failure
DEBUG:root:Result: Sequence: Offensive Strategy -> Failure
DEBUG:root:Executing:Action: attack_weakest_enemy_planet
DEBUG:root:Result: Action: attack_weakest_enemy_planet -> Failure
DEBUG:root:Result: Selector: High Level Ordering of Strategies -> Failure
DEBUG:root:Finish turn

DEBUG:root:Executing:Selector: High Level Ordering of Strategies
DEBUG:root:Executing:Sequence: Spread Strategy
DEBUG:root:Executing:Check: if_neutral_planet_available
DEBUG:root:Result: Check: if_neutral_planet_available -> Success
DEBUG:root:Executing:Action: spread_to_weakest_neutral_planet
DEBUG:root:Order:1 22 13
DEBUG:root:Result: Action: spread_to_weakest_neutral_planet -> Success
DEBUG:root:Result: Sequence: Spread Strategy -> Success
DEBUG:root:Result: Selector: High Level Ordering of Strategies -> Success
DEBUG:root:Finish turn

DEBUG:root:Executing:Selector: High Level Ordering of Strategies
DEBUG:root:Executing:Sequence: Spread Strategy
DEBUG:root:Executing:Check: if_neutral_planet_available
DEBUG:root:Result: Check: if_neutral_planet_available -> Success
DEBUG:root:Executing:Action: spread_to_weakest_neutral_planet
DEBUG:root:Result: Action: spread_to_weakest_neutral_planet -> Failure
DEBUG:root:Result: Sequence: Spread Strategy -> Failure
DEBUG:root:Executing:Sequence: Offensive Strategy
DEBUG:root:Executing:Check: have_largest_fleet
DEBUG:root:Result: Check: have_largest_fleet -> Success
DEBUG:root:Executing:Action: attack_weakest_enemy_planet
DEBUG:root:Result: Action: attack_weakest_enemy_planet -> Failure
DEBUG:root:Result: Sequence: Offensive Strategy -> Failure
DEBUG:root:Executing:Action: attack_weakest_enemy_planet
DEBUG:root:Result: Action: attack_weakest_enemy_planet -> Failure
DEBUG:root:Result: Selector: High Level Ordering of Strategies -> Failure
DEBUG:root:Finish turn

DEBUG:root:Executing:Selector: High Level Ordering of Strategies
DEBUG:root:Executing:Sequence: Spread Strategy
DEBUG:root:Executing:Check: if_neutral_planet_available
DEBUG:root:Result: Check: if_neutral_planet_available -> Success
DEBUG:root:Executing:Action: spread_to_weakest_neutral_planet
DEBUG:root:Result: Action: spread_to_weakest_neutral_planet -> Failure
DEBUG:root:Result: Sequence: Spread Strategy -> Failure
DEBUG:root:Executing:Sequence: Offensive Strategy
DEBUG:root:Executing:Check: have_largest_fleet
DEBUG:root:Result: Check: have_largest_fleet -> Success
DEBUG:root:Executing:Action: attack_weakest_enemy_planet
DEBUG:root:Result: Action: attack_weakest_enemy_planet -> Failure
DEBUG:root:Result: Sequence: Offensive Strategy -> Failure
DEBUG:root:Executing:Action: attack_weakest_enemy_planet
DEBUG:root:Result: Action: attack_weakest_enemy_planet -> Failure
DEBUG:root:Result: Selector: High Level Ordering of Strategies -> Failure
DEBUG:root:Finish turn

DEBUG:root:Executing:Selector: High Level Ordering of Strategies
DEBUG:root:Executing:Sequence: Spread Strategy
DEBUG:root:Executing:Check: if_neutral_planet_available
DEBUG:root:Result: Check: if_neutral_planet_available -> Success
DEBUG:root:Executing:Action: spread_to_weakest_neutral_planet
DEBUG:root:Result: Action: spread_to_weakest_neutral_planet -> Failure
DEBUG:root:Result: Sequence: Spread Strategy -> Failure
DEBUG:root:Executing:Sequence: Offensive Strategy
DEBUG:root:Executing:Check: have_largest_fleet
DEBUG:root:Result: Check: have_largest_fleet -> Success
DEBUG:root:Executing:Action: attack_weakest_enemy_planet
DEBUG:root:Result: Action: attack_weakest_enemy_planet -> Failure
DEBUG:root:Result: Sequence: Offensive Strategy -> Failure
DEBUG:root:Executing:Action: attack_weakest_enemy_planet
DEBUG:root:Result: Action: attack_weakest_enemy_planet -> Failure
DEBUG:root:Result: Selector: High Level Ordering of Strategies -> Failure
DEBUG:root:Finish turn

DEBUG:root:Executing:Selector: High Level Ordering of Strategies
DEBUG:root:Executing:Sequence: Spread Strategy
DEBUG:root:Executing:Check: if_neutral_planet_available
DEBUG:root:Result: Check: if_neutral_planet_available -> Success
DEBUG:root:Executing:Action: spread_to_weakest_neutral_planet
DEBUG:root:Result: Action: spread_to_weakest_neutral_planet -> Failure
DEBUG:root:Result: Sequence: Spread Strategy -> Failure
DEBUG:root:Executing:Sequence: Offensive Strategy
DEBUG:root:Executing:Check: have_largest_fleet
DEBUG:root:Result: Check: have_largest_fleet -> Success
DEBUG:root:Executing:Action: attack_weakest_enemy_planet
DEBUG:root:Result: Action: attack_weakest_enemy_planet -> Failure
DEBUG:root:Result: Sequence: Offensive Strategy -> Failure
DEBUG:root:Executing:Action: attack_weakest_enemy_planet
DEBUG:root:Result: Action: attack_weakest_enemy_planet -> Failure
DEBUG:root:Result: Selector: High Level Ordering of Strategies -> Failure
DEBUG:root:Finish turn

DEBUG:root:Executing:Selector: High Level Ordering of Strategies
DEBUG:root:Executing:Sequence: Spread Strategy
DEBUG:root:Executing:Check: if_neutral_planet_available
DEBUG:root:Result: Check: if_neutral_planet_available -> Success
DEBUG:root:Executing:Action: spread_to_weakest_neutral_planet
DEBUG:root:Result: Action: spread_to_weakest_neutral_planet -> Failure
DEBUG:root:Result: Sequence: Spread Strategy -> Failure
DEBUG:root:Executing:Sequence: Offensive Strategy
DEBUG:root:Executing:Check: have_largest_fleet
DEBUG:root:Result: Check: have_largest_fleet -> Success
DEBUG:root:Executing:Action: attack_weakest_enemy_planet
DEBUG:root:Result: Action: attack_weakest_enemy_planet -> Failure
DEBUG:root:Result: Sequence: Offensive Strategy -> Failure
DEBUG:root:Executing:Action: attack_weakest_enemy_planet
DEBUG:root:Result: Action: attack_weakest_enemy_planet -> Failure
DEBUG:root:Result: Selector: High Level Ordering of Strategies -> Failure
DEBUG:root:Finish turn

